date,fossil_energy_count,fossil_energy_tone,nuclear_power_count,nuclear_power_tone,green_energy_count,green_energy_tone,climate_policy_count,climate_policy_tone,sanctions_energy_count,sanctions_energy_tone,conflict_energy_count,conflict_energy_tone
01/01/2022,4263,-0.298259328,598,-1.237803734,768,-0.039657632,2889,-1.249151382,1150,-2.3438212,2628,-0.649497893
02/01/2022,4185,-0.586491062,559,-1.459046133,1057,-0.917713116,2928,-1.57508236,644,-2.312528328,2360,-1.011077182
03/01/2022,7186,-0.757534357,656,-1.548203365,1322,0.283658447,3422,-1.06654758,1243,-2.0999417,3663,-1.284628958
04/01/2022,8854,-0.624506788,552,-1.113009274,1583,0.34520983371815528,3994,-0.52595212,935,-2.326795433,4919,-1.068897893
05/01/2022,9662,-1.493569038,248,-0.517682816,1548,0.54471281564300789,3876,-0.767152475,926,-2.79624545,4500,-1.008766283
06/01/2022,9857,-1.406121904,254,-0.546405636,1504,0.84758511511015777,3939,-0.460470928,769,-3.010954353,4222,-1.053287023
07/01/2022,8309,-1.008423339,297,-0.800991136,1459,0.85814777357191419,3698,-0.661080429,696,-2.923352975,3822,-0.813165445
08/01/2022,5423,-1.344834222,133,-0.415642574,689,0.60654634804981844,2260,-1.105941586,584,-2.798171624,2739,-1.018185034
09/01/2022,5019,-1.461130757,213,-0.823755671,648,0.36948311950042995,1836,-0.844715149,1233,-3.211117125,2669,-1.204077532
10/01/2022,8322,-0.838130646,229,-0.029582893,1489,0.81559086505696676,4749,-0.848449076,1530,-2.841992232,4198,-0.983969009
11/01/2022,8544,-0.808298657,248,-0.019594952,1787,0.98001247617991427,5797,-1.012552709,1373,-2.33677148,4203,-0.79224504
12/01/2022,9607,-0.638869404,392,-1.466912133,1834,0.765329351,4877,-0.649822575,1757,-2.429632995,5161,-0.853757539
13/01/2022,10412,-0.389449481,273,-0.665112428,2036,0.96576108081737777,5012,-0.570032277,2565,-2.918146472,4626,-0.937210171
14/01/2022,8957,-0.704717537,248,-0.905477879,1534,0.83303270690104048,5461,-1.233655943,2103,-3.012703895,4508,-1.215577541
15/01/2022,5045,-0.718623912,110,-0.910295159,685,0.71187482957412074,3124,-0.988020405,1046,-2.839858954,2791,-1.475156042
16/01/2022,5047,0.20536258590331752,142,0.56589422867554118,710,1.1636731598534298,2269,-0.648678485,888,-2.736046528,2883,-0.815560399
17/01/2022,8665,-1.28072186,336,-1.250540822,1769,0.88255495842564746,4552,-0.936312578,1664,-3.052991202,4956,-1.159102576
18/01/2022,11685,-1.088285667,606,-0.658683311,2153,0.84233569432763578,5373,-0.695560597,1859,-2.645032332,5374,-1.411427958
19/01/2022,11054,-0.679725772,268,-0.2695,2065,0.98325371683472385,5754,-0.439694817,1666,-2.854054088,4716,-1.024771151
20/01/2022,10023,-0.939754968,240,-0.574976171,2252,0.70599765411597848,5372,-0.546571239,3512,-3.542609022,5158,-1.254652732
21/01/2022,9529,-1.19229985,312,-0.405978582,1654,0.41007750125522707,4395,-0.479613399,3808,-3.320718034,4646,-1.089592404
22/01/2022,5743,-0.786498351,212,-1.119147176,882,0.27345519908810523,2681,-0.855109045,1822,-2.906250397,3074,-0.939158194
23/01/2022,5091,-1.298688247,134,-0.986842935,629,0.19681947874975148,2065,-0.695940227,2130,-3.420976318,2700,-1.262562953
24/01/2022,10358,-0.922471785,226,-0.412016137,1452,0.78399084654404572,3961,-0.325040035,3104,-3.242045133,5127,-1.132131253
25/01/2022,10096,-0.946036716,209,-0.41091956,2063,0.78079879994910928,4474,-0.445573971,3280,-3.198558758,5267,-1.287884004
26/01/2022,10849,-1.035210098,222,-0.265411391,1879,0.69911427783225588,4526,-0.315117129,3606,-3.254433391,5011,-0.864329996
27/01/2022,9733,-0.894560233,398,-0.238491194,1901,0.88866668394866666,4592,-0.141675979,2535,-3.317568627,5793,-1.296035613
28/01/2022,10326,-0.978208117,250,-0.605148648,1598,0.70390233574176375,4677,-0.782456327,3049,-3.470723882,5514,-1.708896658
29/01/2022,6057,-1.155462455,138,-0.659488021,801,0.28637145865106389,2348,-0.588036428,1859,-3.158197457,3381,-1.232663514
30/01/2022,4919,-0.856340884,166,-0.324046559,803,0.39852161209435466,2709,-1.77557862,2697,-3.410356964,3706,-1.693793545
31/01/2022,9107,-0.959049944,164,-0.873855303,1608,0.51351941026594594,4124,-0.854774982,3422,-3.287085255,3749,-1.27355155
01/02/2022,9981,-0.714807768,310,-0.129619478,1874,0.82266848070394549,5294,-0.500991447,2999,-3.122627742,4198,-1.180953976
02/02/2022,10148,-0.881806428,728,-0.70155876,2153,0.476645254,5253,-0.634951142,2307,-3.122622024,4071,-1.253362211
03/02/2022,10065,-0.637195421,436,-0.589104637,1935,0.59961946596522142,4925,-0.476247268,1685,-2.600826961,3769,-1.292148337
04/02/2022,9133,-0.675971692,205,-0.419123018,1767,0.511150228,4194,-0.564446129,1624,-3.02259313,3482,-1.247761468
05/02/2022,5214,-0.322934653,193,-2.143633415,784,1.2158796100410325,2429,-0.506827595,1203,-2.707983061,2764,-1.161248523
06/02/2022,4808,-0.921472641,172,-0.243844007,790,0.32186621535292687,1862,-0.330466849,1518,-2.628187586,2951,-1.402134118
07/02/2022,8966,-0.726536687,287,-0.436230946,1607,0.9060645882566688,4168,-0.762125111,2915,-2.501483174,4580,-0.954697005
08/02/2022,9733,-0.707896067,324,-0.790869151,2214,0.703568543,5171,-0.623278959,2867,-2.664482208,5372,-1.199592633
09/02/2022,10371,-0.464356278,468,0.60643335072122584,2198,0.78993784428492553,5137,-0.021818048,2244,-2.750736915,5183,-1.172849627
10/02/2022,9688,-0.479692635,628,0.1450333815919736,2609,0.79056351139265835,4896,0.012776761797440713,2172,-2.662925049,5161,-0.91028949
11/02/2022,8908,-0.689581396,430,-0.373556341,1828,0.71015243252900018,4682,-0.584570759,1908,-2.913004523,4371,-0.979854784
12/02/2022,4809,-0.911308776,120,-0.726141682,792,0.717153551,2360,-0.569465777,2919,-3.046997424,2816,-1.164350778
13/02/2022,4476,-0.734278659,364,-0.566297809,631,0.15007268714779529,2375,-1.079872552,2795,-3.396927147,2864,-1.307182878
14/02/2022,11137,-0.889581676,293,-0.063390782,1700,0.82379443606659364,4084,-0.753864129,4547,-3.293874737,5293,-1.368715885
15/02/2022,11101,-1.028689898,260,0.005872774,1953,0.85695241269029288,4895,-0.787412881,4198,-3.167956497,6256,-1.254288341
16/02/2022,10822,-0.782031593,330,0.099621445935881042,1983,0.83805390258787793,4688,-0.689770329,3411,-2.702522394,5672,-1.128252974
17/02/2022,9687,-0.74095198,344,-0.255911488,2225,0.81788500900890271,5052,-0.778526105,2636,-3.101361029,5605,-0.974107591
18/02/2022,8551,-0.915031335,341,0.21945173470793841,1928,0.912160416,4811,-1.061997285,2822,-3.58280496,5085,-1.237410908
19/02/2022,5644,-1.835410886,141,-0.396897353,738,0.78958041185215044,2502,-1.550177838,4020,-4.127837708,3629,-1.94402461
20/02/2022,4470,-0.900043156,115,-0.906306569,721,0.7812868808020299,2443,-1.08753986,3330,-4.168006908,3454,-1.573420938
21/02/2022,8487,-1.034100686,202,-0.820984188,1788,1.0747573691870074,4008,-0.685042594,5203,-3.741075702,4926,-1.326068476
22/02/2022,15054,-1.539541142,249,-0.453641364,2145,0.63949072234706938,4804,-0.565454901,18045,-3.443118384,9377,-2.185263375
23/02/2022,13735,-1.306289152,269,-0.968908688,2390,0.34282754644299723,5741,-0.799987274,15552,-3.481263775,9822,-2.428231252
24/02/2022,21540,-2.753971366,1114,-4.765599925,2011,0.61488268645580679,4176,-0.175978119,24245,-4.186152578,13995,-3.313069065
25/02/2022,18595,-2.269888179,1986,-4.746868813,1632,0.59393463192178042,3623,-0.850381163,23557,-3.695005877,11720,-2.814234702
26/02/2022,8366,-1.951170682,589,-3.377271643,757,0.52207607276700141,2171,-1.384761964,12997,-3.5441803,5414,-2.473835279
27/02/2022,11037,-2.366258535,168,-2.378268069,822,0.23624772456387519,1793,-1.17012538,15103,-3.469076262,8038,-2.688306378
28/02/2022,16310,-2.076324636,330,-1.824961338,2023,0.016929462782507097,5469,-1.971321446,20271,-3.384505541,9030,-2.11857759
01/03/2022,16316,-1.856380202,361,-1.483234201,2048,0.30756590000235362,5638,-1.031528374,17825,-3.375430961,8734,-1.819105534
02/03/2022,19994,-1.877961715,412,-1.382040763,1934,0.3432966775996063,5470,-1.061904334,20705,-3.283755051,10418,-2.237330059
03/03/2022,17656,-1.871983853,611,-2.121329305,2401,0.45421233124875271,4498,-0.575701251,15653,-3.248209524,9546,-2.030192207
04/03/2022,15497,-1.979698588,1801,-3.543159321,1669,0.30035157370978921,3612,-0.582435182,14249,-3.448259119,15042,-2.862010452
05/03/2022,10179,-1.863981956,610,-2.97726545,1048,-0.831702336,2005,-0.920809183,11459,-3.603341181,8713,-2.772195229
06/03/2022,9634,-2.171871385,405,-2.923276862,834,0.014038567899105119,2264,-1.69474715,10795,-3.670948851,7201,-2.512180588
07/03/2022,21871,-2.333740627,923,-3.549130256,1947,0.26150114217528747,3940,-0.551678318,13792,-3.48628934,10049,-1.944007766
08/03/2022,28462,-2.358080313,531,-1.462810903,2901,-0.236632927,4885,-0.59562572,14909,-3.28528326,12149,-1.862925842
09/03/2022,28395,-2.085515693,671,-2.457658724,2814,-0.180156241,5336,-0.878065821,14415,-3.09280109,10485,-1.972009779
10/03/2022,23438,-1.82206901,519,-1.833722212,2572,0.13889303127867941,4544,-0.415186512,13565,-3.187979603,10194,-1.798331648
11/03/2022,19980,-1.734930634,923,-3.214882002,2577,-0.119494429,3872,-0.436636163,13766,-3.074824462,10045,-2.166267698
12/03/2022,10908,-1.913959042,511,-3.061820626,1186,-0.499024009,2150,-0.895990037,8015,-3.345419124,5839,-2.047997375
13/03/2022,8627,-1.696178137,300,-2.319084179,790,-0.222364379,1946,-0.878465679,6606,-3.506642612,5420,-1.922051906
14/03/2022,15147,-1.674723626,367,-2.076544343,1796,0.35366346530988896,3630,-0.593106059,11818,-3.408246649,8117,-1.908272507
15/03/2022,17691,-1.808349547,859,-2.827462897,2389,0.31054246627636417,4277,-0.723658984,13260,-3.323926491,9648,-1.832503341
16/03/2022,17396,-1.486223692,496,-1.816840628,2296,0.24078391943254457,4156,-0.299895841,11787,-2.821099588,8125,-1.778496343
17/03/2022,15828,-1.115532764,588,-2.274019772,2148,0.38726071573123594,4175,-0.188703204,10418,-3.260878859,8536,-1.839048151
18/03/2022,13784,-1.34788856,279,-1.545648174,1772,0.26468756499933105,4004,-0.64378788,8718,-3.198807378,7146,-1.58001941
19/03/2022,8439,-1.159079031,226,-1.635408416,953,-0.384781015,2078,-0.461884809,5526,-3.058391383,4630,-1.747837772
20/03/2022,8142,-1.5551003,120,-1.330523403,979,0.011007147968818121,2117,-0.516718146,4919,-3.056540026,5186,-2.120503198
21/03/2022,16330,-1.768423673,302,-1.016522168,2447,0.30254686716894097,4583,-0.500130513,7677,-3.356335271,7644,-1.85555245
22/03/2022,15046,-1.64642871,285,-1.852875744,2145,0.69531786842642562,5289,-0.279918504,8488,-3.371996009,7504,-1.76107133
23/03/2022,16941,-1.669132163,242,-1.098698391,2373,0.12880369354429214,4749,-0.490024164,9657,-3.315887338,7918,-1.644629069
24/03/2022,16729,-1.551983107,346,-0.761840551,2460,0.58982900753812229,4719,-0.279610248,12302,-3.035847916,8929,-1.775358363
25/03/2022,17187,-1.629714794,337,-1.301910853,2286,0.23742657422381885,5196,-0.744150641,10334,-3.090186601,9034,-1.828830569
26/03/2022,10786,-1.833530339,249,-0.630584966,998,0.12513013747890961,2967,-0.47276837,6366,-3.045438356,5245,-1.676538846
27/03/2022,8361,-1.80768631,163,-1.876815708,1252,0.17728385956332102,2312,-0.760741233,5290,-3.064424339,4760,-1.617193215
28/03/2022,13689,-1.331622357,374,-1.540726309,2091,0.4798253257779509,4207,-0.366748832,6426,-2.858940716,7421,-1.259117432
29/03/2022,16537,-1.260234163,516,-1.64604025,2305,0.87055576821563008,5452,-0.193211526,7828,-3.15779766,7750,-1.310673417
30/03/2022,15864,-1.437716834,320,-1.613296758,2507,0.499538387,4762,-0.37092637,7865,-2.766987501,8049,-1.663083235
31/03/2022,19774,-1.218033882,342,-1.647181786,2978,0.55767467310815344,5123,-0.143494001,10263,-2.886613392,8524,-1.380327809
01/04/2022,18686,-1.628612775,364,-1.467304494,2099,0.43597037860593457,4628,-0.307500615,7334,-2.806324642,7760,-1.566416748
02/04/2022,10748,-1.833799227,151,-1.687092096,1040,0.41025600501051745,2379,-1.015573702,4863,-3.139794414,5233,-1.69350187
03/04/2022,10035,-1.931823142,187,-1.02569675,813,0.050988781397940768,2130,-1.23574177,5705,-3.981858241,5030,-2.405182126
04/04/2022,15147,-1.896669638,252,-1.223409587,2692,0.042734319515873816,5668,-0.761849949,10467,-4.240097791,6977,-1.970474726
05/04/2022,14881,-2.126468762,206,-0.986788328,2731,-0.199981687,5397,-0.839488753,11110,-4.088844304,7051,-2.044956188
06/04/2022,15946,-2.005442011,252,-0.87630366,2679,-0.038865752,4955,-0.607729718,12667,-4.038776619,7334,-1.721733679
07/04/2022,17702,-1.853689259,717,-1.922648846,2723,0.029410820331785964,5484,-0.419467659,11050,-3.558322178,7273,-1.487968659
08/04/2022,14410,-1.783643947,335,-1.617668004,2096,0.37556688213349759,4245,-0.749205842,9390,-3.561446782,6463,-1.659444653
09/04/2022,8204,-2.080489482,245,-1.057369725,889,0.59970732803107618,2106,-0.761429305,5832,-3.618649925,4365,-2.001832333
10/04/2022,7473,-1.972985989,252,-1.707561879,926,0.012099065038114358,2590,-1.407403662,4688,-3.156715079,4029,-1.756548685
11/04/2022,13085,-1.612758566,239,-0.676384858,2061,0.49871638730100581,3827,-0.579859176,7606,-3.439807365,5601,-1.504287008
12/04/2022,14695,-1.453637359,261,0.10525396334055388,2177,0.76952788808755868,4625,-0.78158563,7219,-3.321174172,6700,-1.226726733
13/04/2022,13598,-1.175954681,223,-0.611016217,2063,0.32069582348233389,4914,-0.938314006,6310,-3.363872091,6555,-1.626550645
14/04/2022,13264,-1.489864014,228,-1.17612659,2047,0.080685147,5653,-1.786791508,6651,-3.369142476,6336,-1.859097595
15/04/2022,9461,-1.340944506,139,-0.873464188,1243,0.69923263109475853,3469,-1.066983731,3692,-3.317310157,4536,-1.775052936
16/04/2022,7064,-1.666495819,113,-1.132907416,784,0.015803557804864657,2918,-1.713159197,3314,-3.569588095,4130,-2.14449655
17/04/2022,6098,-1.454482175,59,-0.977870159,785,-0.335091749,2188,-1.120968896,3060,-3.411290612,3549,-2.086863306
18/04/2022,9945,-1.494129795,152,-0.728875296,1684,0.7483936843116219,3509,-0.429416911,4443,-3.483929087,5367,-1.506598613
19/04/2022,12446,-1.384432647,466,-1.102973554,2241,0.2590755202258071,4968,-0.497570848,5464,-3.130009619,6981,-1.547994276
20/04/2022,12605,-1.008984286,507,-1.619482839,2377,0.50067423918534537,5647,-0.709350448,5179,-3.08313856,6576,-1.399270912
21/04/2022,11930,-1.069031911,288,-0.764196654,2857,0.39502793911253425,5935,-0.191143553,6056,-3.189425901,6632,-1.741018784
22/04/2022,12343,-0.873217542,255,-0.85734188,2729,0.4447080509188025,8786,-0.263002335,5160,-2.995942899,6461,-1.252734533
23/04/2022,6462,-1.680044846,125,-1.725088628,891,0.11802930044828644,3745,-0.881406401,2793,-2.434232082,3680,-1.658900812
24/04/2022,6131,-1.757809658,153,-1.640080282,1305,-0.352715938,3174,-1.041375233,2945,-3.019590291,4359,-1.549810799
25/04/2022,12344,-1.641486811,226,-1.106046125,1685,0.88482239705374544,4340,-0.016556001,4430,-2.601126378,6254,-1.570228572
26/04/2022,13302,-1.451459309,637,-3.080727415,2128,0.6490400193644752,5240,-0.693206427,4286,-2.779286666,8013,-1.886374027
27/04/2022,17632,-1.122244706,293,-1.36979321,2325,0.647869574,4850,-0.549896398,6072,-2.977390713,9327,-1.801695891
28/04/2022,15043,-1.095300061,235,-0.352907753,2572,0.33910862508621559,5266,-0.906580689,6006,-3.014912175,7533,-1.512649716
29/04/2022,13244,-0.988476854,187,-0.425678189,2200,0.27817225968234771,5006,-0.735768918,4613,-2.77186883,6675,-1.32160815
30/04/2022,7415,-1.279775341,147,-1.370822129,936,0.065842572184500736,2985,-1.080725209,3263,-3.167405737,4254,-1.638706146
01/05/2022,7553,-1.324585542,386,-2.909155004,736,0.39929800191638715,2606,-1.479177199,2937,-2.954704905,3855,-1.626024875
02/05/2022,11540,-1.767840803,436,-2.741293922,1716,0.36705421680916395,3730,-0.716525787,5063,-3.33971071,5634,-1.604633727
03/05/2022,12071,-1.153339386,259,-0.83932863,2101,0.45420451653653976,4895,-0.846177837,4916,-3.068105031,6149,-1.213745055
04/05/2022,16258,-1.914346452,276,-0.628025085,1975,0.76036654675350035,4737,-0.631470937,7549,-3.228779708,6519,-1.379414054
05/05/2022,14442,-1.225742589,304,-0.827524529,2156,0.60399498271797636,5182,-0.792193803,5855,-2.89747487,7009,-1.491663465
06/05/2022,13159,-1.368934031,296,-1.58009661,1883,0.54263482700532406,4110,-0.537721942,4778,-2.791824238,5854,-1.354044789
07/05/2022,7085,-1.170263283,123,-0.801288899,860,0.45025372760771748,2595,-0.888110205,2989,-3.106293827,4085,-1.479111219
08/05/2022,6703,-1.690940134,91,-1.311544746,702,0.18812725445263878,2022,-0.963069136,3876,-3.342354685,4115,-1.892825054
09/05/2022,13415,-1.534600063,202,-0.03211371,1891,0.49048751756407005,4642,-0.420748155,5424,-3.387975929,6441,-1.500088224
10/05/2022,14163,-1.511630568,266,-0.188565168,2243,0.62965348490173167,5598,-0.312677877,3976,-3.130839023,6854,-1.491585644
11/05/2022,14256,-0.83191282,150,-0.040392606,2272,0.72446247250584139,5474,-0.88706799,3624,-3.088584104,7080,-1.544389977
12/05/2022,13123,-1.320989209,142,-0.373994282,2459,0.84145679265390327,5205,-0.413310407,4386,-2.904160112,6777,-1.467235108
13/05/2022,12631,-1.265817978,169,0.31828036423009815,1864,0.90035581217726246,4747,-0.640367533,4172,-2.992134837,6356,-1.521618598
14/05/2022,6334,-1.028871721,243,-1.599085809,841,0.025556425266609093,2857,-1.269421581,2693,-3.03278789,3715,-1.590265791
15/05/2022,5608,-0.980702585,92,-1.923533941,660,0.5398686082189651,2277,-1.182004064,2063,-2.484522107,3142,-1.167233844
16/05/2022,12364,-1.123557189,222,-1.805681757,1707,0.843515772,5187,-0.667048943,4636,-2.368598954,5816,-1.119764963
17/05/2022,13121,-1.071142656,266,-1.045791358,2377,0.58388671711786277,5579,-0.76468405,4666,-2.669609254,5857,-1.184077449
18/05/2022,12604,-0.907751126,315,-1.464358779,3452,0.26202989184699388,6230,-1.131368168,4101,-2.518737519,7066,-1.346663764
19/05/2022,11380,-1.32027989,268,-0.683652155,2727,0.62478047792798919,6355,-1.144244441,4204,-2.86624576,6205,-1.257362856
20/05/2022,11995,-0.795239922,249,-0.476896223,2131,0.57645871557714234,6016,-0.82817499,3864,-2.833809192,6531,-1.268443621
21/05/2022,6671,-0.875931362,119,0.3375297844034465,916,0.81114825962594417,4249,-0.916488797,3242,-2.830378558,3711,-1.459438801
22/05/2022,5917,-0.833019464,146,-1.058203297,1008,0.15723178408722593,3915,-0.914762202,2220,-2.994424878,3217,-1.315202568
23/05/2022,11309,-1.390176087,248,-0.560817187,2363,0.33587463253664657,7142,-1.216870373,4649,-3.219555119,5567,-1.325729744
24/05/2022,13608,-1.428779061,258,-0.538085287,2794,0.6991380009017979,7126,-1.307051136,4752,-3.138690505,6006,-1.429526956
25/05/2022,11794,-1.210602662,266,-0.785358723,2315,0.68906176304825717,5918,-0.697336838,4041,-3.127854221,6077,-1.426822245
26/05/2022,11950,-1.234742458,149,-1.159234842,2316,0.63501502501477491,5915,-0.580379285,4188,-3.212977403,5814,-1.185836964
27/05/2022,12090,-1.374562932,245,0.36571306707552143,1913,0.73173693960684283,4783,-0.452555056,4766,-3.454299739,5344,-1.077709167
28/05/2022,6339,-1.389120162,94,-0.510619592,832,0.64590544500918323,2869,-1.125571058,2753,-3.171494165,3843,-1.274069699
29/05/2022,6857,-1.234027926,83,-0.755354247,843,0.48211803050265328,2837,-1.338819946,2486,-2.880649863,3981,-1.230619373
30/05/2022,13709,-1.396770752,166,-0.696785267,1821,0.086485264297016765,4391,-0.739086498,5048,-2.596973041,6614,-1.373534422
31/05/2022,19166,-1.579143857,196,-0.834123625,2317,0.63553881907304877,5135,-0.72407124,6920,-2.799221057,8621,-1.696715171
01/06/2022,14686,-1.264027361,170,-0.191993384,2376,0.32142617910229937,5508,-0.662244865,4735,-2.799816441,6097,-1.38006359
02/06/2022,13943,-1.360352413,203,-0.854702145,2283,0.67723255773672231,5047,-0.566326047,4817,-2.751255739,6102,-1.428388596
03/06/2022,12246,-1.330415598,158,-0.217374981,1880,0.54289788743944223,4886,-0.495994618,5620,-3.305528729,5259,-2.052931132
04/06/2022,6559,-1.667137993,131,-3.022877848,1053,0.455461535,2940,-0.596689338,2583,-3.264574581,3043,-1.69079036
05/06/2022,5512,-1.24505733,263,-2.280194827,875,0.53861090459564676,3725,-1.033998679,2053,-2.820929102,3310,-1.524475471
06/06/2022,10509,-0.981583142,212,-1.382628624,1856,0.66318456650375357,5352,-0.653351523,3876,-2.884370264,5466,-1.405373961
07/06/2022,11525,-1.164558922,274,-1.087696401,2141,0.80474457758133433,5434,-0.534979449,4136,-2.927134634,5542,-1.485756258
08/06/2022,12385,-1.106312472,264,-0.259934044,2393,0.60317437404803742,6694,-0.802543185,4061,-2.658396423,6118,-1.291018107
09/06/2022,12497,-1.198800679,306,-1.000401313,2387,0.255188821,6424,-0.70219304,3692,-2.993366932,6002,-1.161106833
10/06/2022,11311,-1.169077919,190,-1.005196492,1668,0.7187064590683252,4669,-0.447459508,3523,-3.028254617,5222,-1.249313003
11/06/2022,7003,-1.393051148,137,-0.703835171,819,0.696425392,2850,-1.168356569,2684,-3.095158786,4233,-1.541823794
12/06/2022,6372,-1.558765094,122,-0.969925509,736,0.51286761983161067,2458,-1.386111468,1766,-2.836749749,3537,-1.648314843
13/06/2022,10729,-0.956058591,180,-0.669618152,1647,0.819363261,4766,-0.902030787,2490,-2.69220634,5851,-1.140809463
14/06/2022,12533,-1.067229355,288,-0.355085666,2350,0.77236971185894476,5912,-1.274434125,3122,-2.731850912,5873,-1.297633539
15/06/2022,13463,-1.026903679,170,-0.214674169,2604,0.81678223524920424,5999,-0.750106621,3459,-2.553825398,6185,-1.305086756
16/06/2022,12144,-1.036936233,147,-0.161159553,2112,0.78582318239143978,6076,-1.162716151,3887,-2.565156717,5858,-1.312119445
17/06/2022,11689,-1.115394595,181,0.58764805868962644,1824,0.51144707861451721,5736,-1.127892971,4089,-2.59712404,5755,-1.33315854
18/06/2022,6043,-1.449974888,106,-0.461899122,861,0.26327297404664185,3796,-2.709651114,2313,-2.87687496,3720,-1.537101736
19/06/2022,6030,-1.135546157,121,0.6470150098736408,822,0.19091915281608896,3368,-1.814650625,1488,-2.513836092,3797,-1.682665815
20/06/2022,12082,-1.265873487,211,-0.464614188,1920,0.43188658966209065,5000,-1.176467312,3555,-2.795345524,6438,-1.119426215
21/06/2022,11707,-1.172904445,381,-0.989655282,2362,0.53791336826327041,5209,-0.875143728,4155,-2.883647113,6727,-1.073777767
22/06/2022,13711,-1.576531464,268,-0.875366749,2421,0.7725086245595949,6033,-0.698445137,4256,-3.029011644,7074,-1.702348771
23/06/2022,12460,-1.472042962,186,-0.861557078,2343,0.33670034141156696,5278,-0.79883958,4101,-2.737635731,6028,-1.426930579
24/06/2022,9987,-1.261234498,289,-1.058624568,1787,0.85588958315335784,4606,-0.900680541,3059,-2.883091643,5383,-1.268118506
25/06/2022,5457,-1.138718285,208,-1.830375694,729,0.52628999676275123,3248,-1.479173522,2206,-2.725824568,3960,-1.687359239
26/06/2022,6695,-1.428135725,163,-0.202570088,839,0.080400555,4441,-0.519825935,3866,-2.655474138,5938,-1.661227112
27/06/2022,12641,-1.424651432,271,0.22385332037651826,2237,1.006798219,5695,-0.71936702,5878,-2.838556928,7592,-1.605493444
28/06/2022,13265,-1.335277694,229,-0.386391162,2204,0.83894512492107742,6115,-0.816989664,5197,-2.917972957,6942,-1.543096956
29/06/2022,11386,-1.027722465,221,-0.612459669,2232,0.88148960697342971,6497,-0.517717372,3608,-2.861049566,6338,-1.28045493
30/06/2022,12598,-1.106927163,428,-0.115601261,2242,0.53151605572151661,7000,-0.445290126,3904,-2.681537284,7399,-1.349716895
01/07/2022,11582,-1.24592374,266,-0.669717798,1960,0.63415881415378428,5386,-0.840798222,3007,-2.537143534,6165,-1.197626127
02/07/2022,6705,-1.53239394,128,-0.934779299,708,0.17823958776369175,2926,-1.319830538,1805,-2.964900344,3735,-1.632592235
03/07/2022,5095,-1.512709409,84,-1.839393981,586,0.33618557356260437,3042,-2.151750001,1534,-2.935847147,3073,-1.454802586
04/07/2022,9499,-1.320170839,232,0.056526739526080158,1534,0.73484491625458559,4799,-1.666382191,2490,-2.711015996,5039,-1.157271566
05/07/2022,11749,-1.430365311,345,-0.640318001,2123,0.742486698,5320,-1.44811621,2604,-2.704400282,6155,-1.436255392
06/07/2022,14414,-1.674405991,887,-1.095495631,2314,0.23263810748516367,5835,-1.341146748,3265,-3.244724555,6151,-1.540667623
07/07/2022,12180,-1.385132455,394,-0.95666095,2358,0.51051786371769659,5552,-1.304373821,2862,-3.043198957,5504,-1.248910106
08/07/2022,10310,-1.268527188,300,-0.87723025,1738,0.710210291,5151,-1.005651085,2818,-3.307911561,5209,-1.05176197
09/07/2022,5774,-1.907936993,127,-0.928609853,613,-0.232799423,2663,-1.906522428,1790,-3.503075045,3304,-1.420199657
10/07/2022,6148,-1.588881686,138,-1.642876553,756,-0.419076308,2612,-1.513979406,1974,-2.806016438,3656,-1.400821385
11/07/2022,10185,-1.46055596,205,-0.824364841,1718,0.2568460100093139,5035,-1.190143194,2874,-2.841429417,5920,-1.975141174
12/07/2022,11536,-1.295037188,280,-0.725572202,2105,0.512108348,5411,-0.804525509,2843,-2.808367645,6033,-1.499546848
13/07/2022,14060,-1.26083682,235,-0.729968647,2139,0.64555459191749109,5850,-1.051698631,3653,-2.467666888,6380,-1.030346677
14/07/2022,12101,-1.31469144,266,-0.915844751,1926,0.76961600468365976,5318,-0.87225298,3328,-2.784045027,5981,-1.192639656
15/07/2022,12591,-1.140356914,201,-1.100346658,1754,0.44995718820664227,5464,-1.032696942,3341,-3.229380581,5802,-1.558969781
16/07/2022,8178,-0.947360409,397,-0.482625183,984,0.088021839925288128,4833,-1.583841449,2690,-2.54320953,3873,-1.690066833
17/07/2022,6366,-1.05973047,279,-1.340341425,754,0.18922955234761302,4309,-1.633365813,2030,-3.032672762,3691,-1.889385537
18/07/2022,11714,-0.964372385,314,-0.873589539,2380,0.15611560152443674,7842,-1.537221282,3646,-2.909003522,6373,-1.422351138
19/07/2022,12214,-0.998520966,329,-0.774946443,2368,0.54307288330742665,9314,-1.411840682,3571,-2.762156815,5810,-1.319421666
20/07/2022,13000,-1.155376114,354,-0.855374085,3177,0.10966390454274133,8698,-1.280317224,3564,-2.647491082,6637,-1.330383984
21/07/2022,12301,-1.262043063,371,-0.750230837,2115,0.16890057526604435,8001,-1.441867252,4087,-2.61069866,6709,-1.4850889
22/07/2022,10068,-1.072594193,271,-1.045167856,1733,0.55492816426805192,5673,-1.290645109,2912,-2.492133262,5475,-1.309090034
23/07/2022,5464,-1.184299722,139,-2.562550216,716,0.20239462774787509,4072,-2.337424959,1702,-2.299705237,3287,-1.128826548
24/07/2022,5039,-1.3762042,140,-1.284189227,619,0.16878388249656257,4415,-2.359209889,1641,-2.921307174,3087,-0.98345526
25/07/2022,9504,-0.988071533,217,-0.701943776,1682,0.60077902781547965,5694,-1.437590978,2440,-2.699440596,5560,-1.071406463
26/07/2022,12096,-0.887560473,359,-0.632753454,2380,0.60256290771469356,5728,-1.20491991,3151,-2.725358946,6220,-1.241708325
27/07/2022,11405,-0.958413541,321,-0.439619575,2247,0.87474226500897545,5569,-0.936987435,3270,-2.681247093,5586,-1.003091653
28/07/2022,11230,-0.96054248,319,-1.264683362,2320,0.646712273,7542,-1.108639629,2497,-2.513673543,6223,-0.990145678
29/07/2022,10106,-0.728930223,224,-0.467466038,1899,0.61348274679664483,6152,-1.079593332,2297,-2.573828132,5604,-1.187537773
30/07/2022,5300,-1.189875131,148,-0.965544104,787,0.554969715,3725,-2.343028026,1581,-3.33165943,3471,-1.215063123
31/07/2022,4672,-1.109570778,202,-1.483175858,838,0.049054120141571816,3788,-1.717658221,1004,-3.351173946,3739,-1.226893134
01/08/2022,9963,-0.932616761,617,-2.034084202,1532,0.52318911054263162,5929,-1.495685336,2176,-2.892116729,5284,-1.012795775
02/08/2022,9417,-0.96113687,534,-2.148354056,1797,0.83208416851695566,6255,-1.741827652,2284,-2.982524984,5603,-1.420352894
03/08/2022,11619,-1.115457991,447,-1.654546009,2092,0.2166510693823816,6035,-1.289090512,3050,-2.647019416,6419,-1.670990333
04/08/2022,10441,-1.114024531,356,-0.903412518,2023,0.096855752982529228,5808,-1.171853597,2623,-2.684214066,6380,-1.605821538
05/08/2022,9931,-1.005011593,501,-3.032655822,1746,0.59120744242858381,6177,-1.565654776,2382,-2.784936911,6291,-1.990368136
06/08/2022,6049,-1.482163869,526,-4.194631564,919,-0.157173066,4656,-2.106692348,1292,-2.826265065,5503,-3.171042196
07/08/2022,7044,-1.862887447,381,-3.823987156,913,-0.347928263,4169,-1.712880857,1236,-3.180924829,5439,-2.897546601
08/08/2022,10431,-1.40029425,674,-3.473683274,2318,0.18264455835666799,6568,-1.586160594,1947,-2.657352629,7610,-2.194538974
09/08/2022,10782,-1.121099411,373,-2.898049976,2088,0.40314813355588497,6593,-1.239068476,2948,-2.893462895,6535,-1.544521649
10/08/2022,11019,-1.153192755,507,-2.376385608,1765,0.76615578660329831,5517,-1.076524056,2614,-2.76861384,6233,-1.531215914
11/08/2022,12117,-1.078025481,534,-2.139040854,2063,0.34500958284915312,6246,-1.048539432,2840,-2.909970518,6790,-1.897139138
12/08/2022,10428,-0.882286817,770,-2.869599728,1829,0.78351824663902836,5759,-1.233790881,2230,-2.458640051,6455,-1.638691796
13/08/2022,5667,-1.224827589,241,-2.743747781,823,0.4000647835576831,3664,-1.227376214,1175,-2.933971569,3969,-1.786639523
14/08/2022,4874,-0.707960017,218,-2.818404287,621,0.32292409784541648,2969,-1.638827214,1203,-2.764762503,3480,-1.853831106
15/08/2022,8460,-0.938489373,460,-0.847668658,1871,0.58916155969443806,5088,-1.049026075,1835,-2.707659396,5468,-1.565514195
16/08/2022,10634,-0.911081429,399,-1.783938668,2180,0.59886452238907439,6586,-0.958645209,2454,-2.949450355,6643,-1.308434204
17/08/2022,10194,-0.779164263,411,-1.694376825,2391,0.5024655443730015,6570,-1.150444313,1951,-2.556260274,6252,-1.479017477
18/08/2022,9268,-0.986240505,466,-2.683290172,1731,0.64062713688608275,5491,-1.506326852,2069,-2.539391057,6278,-1.809333635
19/08/2022,8784,-0.958533181,449,-2.776485674,1432,0.595212378,4963,-1.641520138,1920,-2.707214078,6053,-1.715315094
20/08/2022,5533,-1.441850478,279,-3.645501102,706,-0.0471669,2831,-1.739138861,1412,-2.645965814,3732,-1.845635333
21/08/2022,4685,-1.045495172,298,-2.851273543,636,-0.26978293,2606,-1.943837603,2176,-3.455688097,3676,-1.827079295
22/08/2022,9956,-0.806675102,399,-2.190893053,1699,0.6135294176326016,4728,-0.695324117,2458,-3.099117078,5975,-1.676658886
23/08/2022,10797,-0.990362369,249,-2.444759006,1830,0.78423264098052869,5260,-1.075127377,2506,-2.831059671,5964,-1.595802046
24/08/2022,11063,-1.138001365,612,-1.912547256,2194,0.51394482885214854,5733,-1.414469783,2880,-2.782842937,6284,-1.694448685
25/08/2022,11030,-0.835636014,637,-1.980396782,2138,0.55948227646193172,5716,-0.922900179,2200,-2.660330863,6539,-1.762739051
26/08/2022,10978,-1.160941867,719,-2.347871125,1974,0.314034112,5190,-1.282267862,2192,-2.628745299,6335,-1.890691831
27/08/2022,5420,-1.228456571,848,-2.43978835,913,-0.096825244,3151,-1.447137376,1214,-2.522902571,4493,-2.354683185
28/08/2022,5352,-1.51923687,478,-2.885121796,775,0.026010907075933141,3348,-2.180175892,1181,-2.663987325,4139,-2.006947877
29/08/2022,10391,-1.035162639,698,-2.812177039,2354,-0.156966648,5715,-1.585717281,1955,-2.644282785,7043,-1.433889388
30/08/2022,12160,-1.141305438,781,-2.17551234,2315,0.5307455753160587,6498,-1.746302383,2457,-2.769137267,7196,-1.713064079
31/08/2022,11132,-1.094461695,521,-1.757664445,2101,0.68858644209446407,5726,-1.178312663,2833,-2.505465878,8257,-1.568602827
01/09/2022,11894,-1.342370543,807,-1.722718191,2356,0.55042329898488074,5852,-1.164329779,2149,-2.758493844,6769,-1.577557375
02/09/2022,11953,-1.350284373,781,-1.297850475,2131,0.42326726460806435,4869,-1.337580681,2662,-2.819429833,6016,-1.467304618
03/09/2022,7308,-1.518395447,360,-2.696308408,913,0.062733087,3843,-1.84610369,1815,-2.871559167,4386,-2.049132771
04/09/2022,6401,-1.557567043,265,-1.681484275,900,0.28275295979906456,3293,-1.898599664,1859,-2.758228383,4312,-1.786607054
05/09/2022,11953,-1.486944242,604,-1.696937879,1680,0.43855644079161232,4340,-1.219873693,3120,-3.297089623,5991,-1.652735291
06/09/2022,13116,-1.099921079,1753,-0.923702653,2524,0.35821579879594978,5141,-0.941111259,3736,-2.841931413,7089,-1.445079035
07/09/2022,12733,-1.285515427,621,-1.72471976,2434,0.21862544597036185,5711,-0.861792375,3853,-2.868139589,6887,-1.758515551
08/09/2022,11590,-1.156477161,362,-0.996488552,2393,0.16101324143032802,6112,-1.041142069,2559,-2.669508412,7038,-1.157690666
09/09/2022,9894,-0.852443802,543,-1.906049392,2258,0.21915264094592352,5491,-1.067025501,2422,-2.768910407,6877,-1.042248244
10/09/2022,5223,-0.793487993,383,-2.487283112,1012,-0.535029358,3586,-1.454470898,1180,-2.913517905,4196,-1.504448708
11/09/2022,4618,-0.940136338,431,-2.245911432,763,-0.166406599,2624,-1.452633184,1091,-2.679341499,4226,-1.57109223
12/09/2022,9227,-0.743270329,425,-1.485808276,1798,0.26278212752427893,4601,-1.244114066,2078,-2.428374882,5334,-1.395668311
13/09/2022,10223,-0.79481671,395,-1.347219158,2186,0.759084411,5983,-0.874747614,2359,-2.608206123,6085,-1.135284553
14/09/2022,11926,-1.001687613,370,-0.974128169,2777,0.64193995499811474,5725,-0.656382931,3143,-2.619283838,6324,-1.522020286
15/09/2022,10758,-0.660685289,270,-0.982403661,2611,1.0022105871596114,6358,-0.219023058,3284,-2.505355278,5400,-0.811583296
16/09/2022,9984,-0.889067574,204,-0.703641909,2005,0.73774082877173386,5781,-1.145521644,2878,-2.70671063,5202,-0.99317802
17/09/2022,5435,-1.055742177,201,-0.937180207,931,0.59668566244493459,3324,-0.99947235,1707,-2.956042301,3792,-1.482195859
18/09/2022,4510,-0.747962191,148,-1.55767236,797,0.4970033183394702,3329,-1.260383547,1295,-2.792094055,3176,-1.694648391
19/09/2022,8772,-0.935807318,446,-2.470281115,1895,0.630068463,4986,-0.746305505,1886,-2.611575774,5663,-1.665186643
20/09/2022,10168,-0.89090731,314,-1.541345431,2681,0.57792742999458768,6652,-1.051589861,2855,-3.025742142,5629,-1.361106525
21/09/2022,10865,-1.049325376,411,-2.248908473,2164,0.69307661986245017,6729,-0.991052604,3135,-3.314704603,6320,-1.653267517
22/09/2022,9924,-1.0514233,394,-1.417563529,2674,0.555730148,6385,-0.578537644,3253,-3.66118821,5961,-1.515783359
23/09/2022,9535,-1.251034604,297,-1.530078989,2297,0.54818165139882158,5977,-1.003263141,2727,-3.261378874,5450,-1.429844338
24/09/2022,5792,-1.184225419,245,-1.32513792,1056,-0.116685932,3800,-1.606267844,2035,-3.480362047,3426,-1.133376846
25/09/2022,4558,-0.817568124,197,-2.608321753,1214,-0.256333301,3554,-1.277792509,1769,-3.216395133,3602,-1.591982279
26/09/2022,9247,-1.102996531,381,-1.516412523,1995,0.62303188380398777,4749,-0.879244781,3258,-3.056517011,5106,-1.484482793
27/09/2022,10952,-1.403613294,343,-1.301991572,2346,0.631520782,5492,-0.855250641,2917,-3.438401917,6158,-2.169210377
28/09/2022,12333,-1.606087979,320,-0.705202263,2217,0.9388819075585989,5511,-0.973902465,3923,-3.344026206,7818,-2.372798505
29/09/2022,11203,-1.316352087,326,-0.782149602,2279,0.83754943765990764,6148,-1.065098561,3088,-3.316857428,7742,-1.894562154
30/09/2022,10500,-1.187980805,249,-1.118945347,1908,0.76527998152447962,6085,-1.559292907,4045,-3.202814406,7283,-1.658922158
01/10/2022,6430,-1.302409469,373,-3.02844817,1086,0.30272745086082831,3253,-1.774833758,2102,-3.333862666,5390,-2.152882204
02/10/2022,5159,-1.51167128,227,-2.385374969,903,-0.479199645,3013,-0.961595895,1462,-3.259833448,3779,-1.871605587
03/10/2022,9949,-1.305299584,258,-1.123632801,1860,0.65244670987770359,4349,-0.559345901,2098,-2.982756532,5454,-1.509104784
04/10/2022,9460,-1.158560748,299,-0.952216298,2024,0.57438786761841321,5522,-0.131981962,2058,-3.074136882,5661,-1.628555253
05/10/2022,12594,-1.334050539,535,-1.594117967,2098,0.71709122097610156,4851,-0.692798544,2986,-2.976291921,6797,-1.840154269
06/10/2022,12824,-1.431973585,581,-2.132279813,1948,0.5532954527045657,5536,-0.794538972,3555,-3.192670256,6726,-1.732367806
07/10/2022,11261,-1.226241433,284,-1.190532668,1887,0.793751289,4758,-0.762275047,2996,-3.096935708,6291,-1.802437542
08/10/2022,7315,-1.46171045,214,-1.82218914,799,0.20720625661680875,2828,-1.131823258,1573,-3.11130275,4735,-1.858899685
09/10/2022,5930,-1.278864951,174,-0.680695754,669,0.660874095,2414,-1.082129027,1195,-3.36470575,4753,-2.100971306
10/10/2022,10573,-1.330600731,228,-1.006170261,1764,0.49479590455704703,4475,-1.279810175,1811,-3.320893719,5699,-1.89046744
11/10/2022,12014,-1.296877553,348,-1.734910377,2293,0.7757646204986075,5576,-0.825813174,2898,-3.578540978,6147,-1.751550357
12/10/2022,13928,-1.531046265,392,-1.279566815,2320,0.11635218782572647,4905,-0.472698428,2587,-3.225719935,7623,-2.015597789
13/10/2022,12632,-1.137809227,445,-0.870626851,2069,0.74502909978546672,5673,-0.976806644,2527,-2.958240002,6781,-1.482501016
14/10/2022,10444,-1.276195685,335,-0.48351556,1754,0.563288368,4962,-1.090826602,1965,-3.049616044,6109,-1.839071388
15/10/2022,6464,-1.995452881,209,-1.627907193,976,0.62292075031880156,3284,-1.402668872,1264,-3.226817972,4692,-1.828514443
16/10/2022,5588,-1.800211609,137,-1.410267814,1019,0.41567420038561365,3379,-1.66664406,1128,-3.971954219,4041,-1.475502776
17/10/2022,10403,-1.178979158,457,-1.905559527,2037,0.73778915920001431,4870,-1.046392284,2362,-3.967311744,5665,-1.440603525
18/10/2022,10520,-1.185629647,654,-2.828946107,2463,0.80664260072692251,5074,-0.509486391,2611,-3.720489657,6551,-1.256989688
19/10/2022,12088,-1.133662896,387,-2.000162177,2247,0.49556070401469826,5456,-0.544886461,2522,-3.376683049,7558,-1.466163818
20/10/2022,11785,-1.211531858,285,-1.390126282,2732,0.4293997885920342,5643,-0.558442704,3431,-3.473820319,7372,-1.683429364
21/10/2022,10024,-0.742074522,307,-1.073634248,2225,0.69200696863813815,4434,-0.198521928,2867,-3.141920347,5855,-1.306893582
22/10/2022,4864,-0.992328713,148,-0.724360038,984,0.66532005417378848,2473,-0.389213579,1461,-2.450864252,3610,-1.314373036
23/10/2022,4901,-0.988927957,146,-1.964732853,840,0.3124966062860543,2378,-0.867134292,1454,-3.641840732,3599,-1.12683234
24/10/2022,8830,-0.669161817,232,-2.546825052,1962,0.43308068453370441,4583,-0.815605054,1719,-3.161263812,5399,-1.258595635
25/10/2022,9444,-0.822084061,373,-3.349775867,2514,0.7365766087584662,5563,-0.980457775,1707,-2.544948082,5337,-1.043176298
26/10/2022,10470,-0.885117253,421,-2.369494726,2744,0.39646349915345769,7011,-0.980913983,1903,-3.203183716,5895,-1.357530065
27/10/2022,11033,-0.685968707,422,-0.175656008,3005,0.10209467631824312,6920,-0.492003339,1724,-2.873372563,5683,-1.204809173
28/10/2022,9169,-0.602042588,431,-1.809728943,2165,0.52978329692274406,5988,-0.755011609,1783,-2.984371944,4785,-1.117293892
29/10/2022,4651,-1.160606613,303,0.329068866,875,0.49074569910254379,3027,-1.248402466,1097,-3.083596464,3690,-1.550872566
30/10/2022,4226,-0.886816876,176,-1.639688251,875,0.13526617481473543,2572,-1.147289252,890,-3.253754965,2436,-1.317085279
31/10/2022,8902,-0.828432059,250,0.038398616083109335,2081,0.92604613470625463,5919,-0.468524458,1627,-2.758040694,4385,-1.110795988
01/11/2022,10024,-0.74878261,279,-0.125719244,1951,0.94001269286249689,5270,-0.193269493,1714,-2.805770094,5346,-1.49374822
02/11/2022,9084,-0.932871146,299,-0.390813801,2278,0.65873211072405957,6271,-0.56590493,1634,-2.743942704,4981,-0.871968016
03/11/2022,9812,-0.996205561,411,-0.617240166,2630,0.62212628798728042,7090,-0.608547655,1610,-2.559950805,6207,-1.597786816
04/11/2022,9377,-1.208509063,245,-0.279800133,2238,0.55004671940691463,6707,-0.652436354,1702,-3.014477871,5416,-1.002588471
05/11/2022,4877,-1.058107719,131,-0.937792978,1234,-0.288523018,4411,-0.788094142,1306,-3.336264878,3170,-1.677748915
06/11/2022,4795,-1.125148567,134,-1.157166375,1603,-0.387527745,6676,-1.452539317,784,-2.938661809,3430,-1.514255432
07/11/2022,9937,-1.063898696,249,-0.888302354,2875,0.45886876640969981,11871,-1.185603649,1563,-2.585337916,5225,-0.777969185
08/11/2022,10037,-0.831324483,262,-0.669343784,3207,0.68244289047582229,11350,-0.688558216,2000,-2.564370532,5103,-0.721775527
09/11/2022,9493,-0.819523337,257,-0.998390053,3215,0.578326137,9513,-0.508294474,1385,-2.796779193,5347,-0.93400726
10/11/2022,8137,-0.621802217,413,-0.23092876,2617,0.59531663129998869,7717,-0.634469603,1596,-2.599648737,5002,-0.982088412
11/11/2022,1685,-0.911508198,52,-0.163962044,514,0.53389972469162539,1835,-1.075461934,263,-3.297891108,915,-0.954045673
12/11/2022,4986,-0.653102751,90,-0.464598666,1344,0.39867940911429428,5674,-0.775232934,1038,-2.524594252,3753,-1.125857639
13/11/2022,4493,-0.89523229,144,0.041800500722908751,1184,0.909887045,4717,-0.883834197,1067,-2.688537849,3391,-0.957991371
14/11/2022,8202,-0.753667506,147,-0.304840467,2275,0.67633419407302853,8460,-0.508303956,1940,-3.226449133,4775,-0.853466382
15/11/2022,9941,-0.875399753,265,-0.215545603,2985,1.0891255298454365,9628,-0.239286628,2218,-3.252514178,5314,-1.096160622
16/11/2022,9323,-1.050598718,216,0.11796537480949588,2587,1.1830273807829459,7747,-0.327088301,2085,-3.56738794,5255,-1.249641148
17/11/2022,9361,-0.964412859,206,-0.720985011,2668,0.95259358451891063,7894,-0.333343064,1827,-3.08184638,5455,-0.946311312
18/11/2022,9061,-1.071122801,255,-0.904975922,2000,0.96730699347292393,6702,-0.496264423,1690,-3.101277892,5565,-1.593189094
19/11/2022,4739,-1.127407978,144,-0.165927543,1115,0.52896432404681992,4087,-0.702143312,1260,-3.083451733,3577,-1.236875113
20/11/2022,4641,-1.301042441,330,-3.272279837,1509,-0.695848193,5175,-1.333781875,706,-2.92925529,3357,-1.835333012
21/11/2022,9055,-1.14892489,640,-1.91051877,2071,0.66709079898608648,6097,-0.740193396,1316,-2.623899727,5686,-1.445840938
22/11/2022,9515,-1.001856733,429,-1.419677885,2372,0.972165901,4887,-0.437431469,1648,-2.753896724,5196,-1.152880258
23/11/2022,9028,-0.837957016,421,-2.674557693,1945,0.88112428207593541,4678,-0.314679678,1786,-2.808555579,5132,-1.594589827
24/11/2022,8125,-0.819824704,306,-2.576660203,1914,0.91172710360553144,3719,-0.067849586,1559,-2.783916268,4867,-1.646546728
25/11/2022,7252,-0.694948248,307,-1.043304836,1613,0.59395187703104824,3588,-0.701892636,1163,-2.60244857,4536,-1.11639471
26/11/2022,5077,-1.037455126,160,-1.763540897,778,0.42623975463241376,2533,-1.071991838,896,-2.170965991,2996,-1.450833165
27/11/2022,5267,-1.157107622,181,-1.713253585,694,0.20567506215758674,2330,-0.724673092,942,-2.229451382,3134,-1.483509693
28/11/2022,8515,-1.198802238,363,-1.582030786,1761,1.1263867117741366,4386,-0.074062297,1676,-2.79166771,4612,-1.4128338
29/11/2022,10213,-0.929963381,390,-0.718760976,1990,0.9012097353753018,5622,-0.634204461,1833,-2.472286309,5156,-1.114472727
30/11/2022,9342,-0.656046339,308,-0.578040632,2129,1.1296679617796068,5218,-0.470483482,2069,-2.150226179,5094,-1.149011138
01/12/2022,9271,-0.670677178,338,-1.196117085,2226,1.0810233862191365,5731,-0.174508803,2081,-2.17857464,5487,-0.974813943
02/12/2022,9987,-0.840441477,403,-1.445654369,2012,0.58806659723073484,4916,-0.176594709,2796,-2.474920045,5184,-1.384034436
03/12/2022,8549,-1.209072318,229,-0.955637716,962,0.39026226700074784,3192,-0.503760308,2007,-2.933714392,3529,-1.344588521
04/12/2022,6292,-1.331193158,141,-1.428877008,945,0.401905585,2106,-0.668309391,1596,-2.959064112,3136,-1.374628738
05/12/2022,11907,-1.411337264,251,-0.817739889,2262,0.52691103668329209,4174,-0.12990333,3315,-2.545376668,5240,-1.205900919
06/12/2022,11625,-1.614946388,214,-1.057223156,2295,0.86072691595283757,4595,-0.259017697,2278,-2.677554671,5941,-1.019591397
07/12/2022,11123,-1.216606567,204,0.2370915359425689,2340,0.893428293,5509,-0.312328296,2254,-2.932015723,5562,-1.059441675
08/12/2022,10373,-0.995242162,283,-0.676630876,2310,0.98749970854972169,5047,-0.244179287,2134,-2.855677806,5603,-1.198195181
09/12/2022,10090,-0.693735874,380,-0.659578367,1981,1.2553114196394195,4835,-0.086836993,2502,-3.344147594,5344,-1.213148566
10/12/2022,5377,-0.636959688,175,0.11732066929235752,1132,0.33024248765211744,3448,-0.035374632,1241,-3.557208779,3354,-1.255691284
11/12/2022,4456,-0.775265802,191,-1.409021457,809,0.58375067991100926,2479,-0.476939016,1001,-2.822544581,3052,-1.191425038
12/12/2022,8307,-0.662311785,215,-0.653152899,1933,0.99880985467344441,4360,0.071501915010034861,2259,-3.023124252,4929,-0.996043532
13/12/2022,8938,-0.49141134,469,-0.135535792,1970,1.0205577282599065,5890,-0.284503111,1826,-2.845713646,5332,-1.074069681
14/12/2022,8804,-0.698007629,370,0.19620637980683758,2336,0.91385295105857245,5309,-0.14288939,1775,-2.563857415,5560,-0.909405674
15/12/2022,8675,-0.651729214,334,-0.363750194,2543,0.84134411022381228,4853,-0.056171311,2499,-2.483613651,5187,-0.801910341
16/12/2022,8036,-0.597763386,316,-0.157408046,2238,0.84655296359016852,5363,0.005941843,2655,-2.779388975,4627,-1.03948413
17/12/2022,5212,-0.487071577,152,-0.37443024,1125,1.2023239374565184,2715,-0.252429481,1433,-3.040626248,3176,-1.060930797
18/12/2022,3765,-0.824788038,110,-0.939924119,712,0.80829072735037011,2421,-0.371498949,819,-2.897926179,2363,-1.124466374
19/12/2022,8331,-0.628706153,229,-1.052949217,2007,0.87481561861164092,4719,0.14766476086014668,1709,-2.657414957,4082,-1.08737673
20/12/2022,8659,-0.641615766,302,-0.933384014,2061,0.89857744234834336,5105,0.089080971303747036,1637,-2.55192648,4786,-0.895572503
21/12/2022,8250,-0.393341676,280,-0.41700982,1748,0.94695438318237946,4161,-0.076447719,2127,-1.969195153,4788,-0.897098668
22/12/2022,7889,-0.535539315,537,-0.771713841,2157,0.95729973968586235,3776,-0.117785987,2248,-2.237146096,5515,-0.768459388
23/12/2022,7628,-0.656537491,203,-0.351061423,1640,1.2068282400938262,3649,-0.659601577,1690,-2.756296834,4172,-0.885393163
24/12/2022,4075,-0.792435978,85,-1.557640162,564,0.73421569418270782,2604,-1.587163965,868,-3.267622636,2630,-0.843417657
25/12/2022,3875,-1.124739551,54,-0.778934515,477,0.98493054739222285,1897,-1.571205849,1036,-3.065021955,2399,-0.88947117
26/12/2022,5613,-0.78174487,129,-0.559569805,1030,0.37292033328412333,3279,-2.458405344,1450,-2.529989048,3779,-1.36547475
27/12/2022,8183,-1.025387982,232,-1.98944239,1185,0.5556700895668939,3809,-1.931073435,1752,-2.706683593,4524,-1.356472933
28/12/2022,8645,-1.073381034,154,-0.793491451,1218,0.47060506117756878,4456,-1.297101388,1825,-2.710264817,4787,-1.153913742
29/12/2022,6936,-1.162252757,119,-0.970781709,1319,0.64235568330473736,4349,-1.175591122,1371,-2.667571231,4325,-0.916296569
30/12/2022,7519,-1.194971924,122,-1.081469201,1321,0.28581220868566365,3881,-0.807424133,1650,-2.442932491,5059,-0.854106818
31/12/2022,4835,-1.134513368,101,-0.857838228,755,0.39111016337566429,3014,-1.211933659,1216,-2.337034597,3373,-1.258337323
01/01/2023,3691,-0.848771252,133,-0.733797767,678,0.62746574458420445,2606,-1.09062566,871,-2.386206876,3003,-0.752946219
02/01/2023,5807,-0.944755713,214,-0.440331156,895,0.37951124930556907,3308,-1.353830705,977,-2.467038833,3113,-1.426330811
03/01/2023,7469,-0.725246329,156,-0.4251668,1429,0.64078785407759875,3618,-0.67661778,1166,-2.536954761,4541,-1.300887992
04/01/2023,8099,-0.791501258,191,-0.960197438,1797,0.86393030176649432,4741,-0.626296739,1097,-2.719856448,4761,-1.184685907
05/01/2023,7870,-0.390720118,200,0.25416696089585139,2058,1.0753886872590579,4863,-0.692172654,1362,-2.715288125,5280,-1.137563379
06/01/2023,6805,-0.446079216,203,-0.918799971,1231,0.76582892969957683,4020,-0.844389226,1126,-2.662052566,4498,-0.964859558
07/01/2023,3812,-0.84007115,69,-0.207537474,587,0.592471706,2399,-1.029605608,830,-2.459281113,2667,-1.074460383
08/01/2023,3610,-0.967207762,85,-1.800041151,856,-0.04001953,2614,-1.504955361,672,-2.875003548,2961,-0.948993217
09/01/2023,7390,-0.679529618,159,-0.639743774,1541,0.68943670071680407,4835,-1.004387528,1110,-3.102631086,4846,-1.089123734
10/01/2023,8082,-0.670727369,201,0.079402159143720411,1854,0.70467969027083421,7309,-1.536701868,1533,-2.433049607,4744,-0.760015531
11/01/2023,8165,-0.693948443,235,-0.065232457,2095,0.84940745719083965,5857,-1.408472327,1458,-2.722085563,5116,-0.68987442
12/01/2023,8562,-0.519982543,269,-0.327808979,2546,0.6435290709684347,6024,-0.848874603,1508,-2.932693758,5023,-0.846017547
13/01/2023,8055,-0.608909411,228,-0.613535954,1955,1.0743000156651954,5862,-1.597901964,1276,-2.911308368,4749,-0.870053021
14/01/2023,4344,-0.800289144,178,-0.868048228,1002,0.78941288646012064,3168,-1.536235319,908,-3.268608839,2834,-1.273115789
15/01/2023,3733,-0.351773847,264,1.0166783446727852,873,1.1350882922305996,3258,-1.972989679,1025,-2.570611297,2833,-0.723286023
16/01/2023,7558,-0.660128502,315,0.03183131,1960,1.0021803176235631,4762,-0.913528364,1666,-2.340842317,4794,-1.028991327
17/01/2023,9012,-0.706173037,251,-0.408993063,2310,1.0522080322430678,5952,-1.008743752,1512,-2.907515286,5460,-1.497984293
18/01/2023,8900,-0.725356,235,-0.73101413,2179,1.0856756619612424,5998,-1.076389269,1700,-2.559969843,4970,-0.971225207
19/01/2023,8550,-0.477704296,182,-0.77238061,2237,0.98330672619398984,5703,-0.650294964,1401,-2.520395388,4938,-1.19885859
20/01/2023,8032,-0.37195979,202,-1.047520989,2028,0.71029985908390925,4524,-0.635964403,1786,-2.716063844,4286,-1.182738444
21/01/2023,4477,-0.647801905,150,-0.559018944,912,0.48931125463441466,3011,-1.108653073,1372,-3.163953259,3070,-1.822339975
22/01/2023,3858,-0.589245483,130,-0.393772064,866,0.35989408081050184,2350,-1.145427067,878,-2.809419226,3044,-1.282905892
23/01/2023,6801,-0.629702442,238,-0.962430344,1739,0.77442203845883406,3896,-0.513367543,1939,-3.682859213,4001,-1.269092665
24/01/2023,6917,-0.700277047,240,-1.21343451,1669,0.77957313254452254,4394,-1.060085176,1679,-3.281781492,3710,-1.249233872
25/01/2023,7044,-0.690357486,250,-0.046035285,1683,0.71287466430318935,4695,-0.790741365,1285,-2.926739871,3930,-1.307440478
26/01/2023,7985,-0.4220649,250,-0.678336983,1913,0.88690217040037456,4322,-0.448375516,1572,-2.844352787,4570,-1.445629021
27/01/2023,7566,-0.802890532,485,-3.017108512,1864,0.18217835727330434,4312,-0.728788322,2135,-3.589722838,4337,-1.66820488
28/01/2023,4684,-0.685889647,131,-2.418007983,885,0.51744994503402808,2301,-0.903055773,1015,-3.062040473,3127,-1.320582287
29/01/2023,4837,-1.172611635,112,-3.417227473,828,0.22031424042649178,2130,-1.038247223,1080,-2.880133344,3304,-1.526089801
30/01/2023,8124,-0.762742877,224,-0.767267031,1991,0.45840503496376894,3888,-0.356473689,1928,-2.97207744,4600,-1.106775565
31/01/2023,9579,-0.868041168,344,-1.535298744,2388,0.53383128133306268,4539,-0.338294258,1960,-2.643385308,5392,-0.850662765
01/02/2023,9858,-0.934187814,260,-1.686744125,2529,0.64274577309370229,4532,-0.312932013,1798,-2.833592541,5383,-1.06677719
02/02/2023,9241,-0.718092404,235,-1.09265325,2399,0.53451950993952724,4305,-0.327374016,2077,-2.693697802,5496,-1.211662388
03/02/2023,8438,-0.759601924,284,-0.453892737,2051,0.58620191318016746,4174,-0.621461982,2753,-2.756257586,5186,-0.986280096
04/02/2023,5157,-1.099874049,171,-0.189238146,976,0.20040498612890445,2503,-0.859079579,1775,-2.674083864,3465,-1.525213282
05/02/2023,4830,-1.045919414,102,-3.750902328,788,0.66465176338390175,2454,-1.157147779,1569,-2.758897388,2993,-1.190097805
06/02/2023,8150,-0.981261637,241,-2.00543656,1857,0.6434195904095652,3984,-0.717125364,1979,-2.853815768,6707,-2.537725892
07/02/2023,8547,-0.795866404,219,-0.743515724,2252,0.846843895,4420,-0.883474833,1755,-2.723652542,6295,-2.034230003
08/02/2023,8546,-0.779561655,159,-0.625067422,1987,0.49306443427019531,4554,-0.587707717,2540,-2.138759109,5455,-1.268805435
09/02/2023,7873,-0.790343696,333,-0.673911592,1934,0.73474674357320535,4021,-0.476367081,2433,-2.308480277,5489,-1.486656857
10/02/2023,7671,-0.981945517,286,-0.940488995,2035,0.34435623909154572,3877,-0.7235276,2112,-2.674656169,4989,-1.346085569
11/02/2023,4192,-1.302247085,130,-1.330433494,823,-0.153808579,2116,-0.89665525,904,-2.853506432,3236,-1.570268404
12/02/2023,3903,-0.97471733,135,-1.639781094,594,0.56996389831463823,1755,-0.866040267,1195,-2.756972762,3168,-1.544189795
13/02/2023,7558,-0.937517194,237,-1.487010496,1775,0.95406969133819519,3761,-0.356365758,1719,-3.051385862,5041,-1.119550288
14/02/2023,7653,-0.60561192,193,-1.1789111,1876,0.79977037596358613,4529,-0.519253368,1691,-2.501861894,4800,-1.003108475
15/02/2023,8368,-0.76997951,245,-1.466894588,1727,0.54798886190481411,4525,-0.593673589,2324,-2.953983257,4924,-1.303295452
16/02/2023,7593,-0.779840413,242,-1.303668507,1706,0.71260962443777331,4533,-0.596193339,1765,-2.918958752,4939,-1.229559792
17/02/2023,7855,-0.866342024,224,0.054802237759683625,1599,0.896084301,4172,-0.424973661,1802,-3.00228934,4823,-1.261899996
18/02/2023,4049,-0.882123289,92,-1.628529943,696,0.63193006363481863,2243,-1.048651391,1387,-3.076502318,3075,-1.560665146
19/02/2023,4005,-1.150161975,155,-1.255554662,686,0.240479206,2127,-0.872358139,1420,-3.346133363,3161,-1.590863036
20/02/2023,6685,-0.851676573,269,-1.787876664,1261,1.0165196763822584,3883,-0.998256585,3110,-2.518686625,4972,-1.068675023
21/02/2023,7612,-0.888926483,329,-1.502850528,1905,0.76099058623202664,4809,-0.573897953,4124,-2.928297048,5781,-1.440014963
22/02/2023,7909,-0.788263362,188,-0.883896168,1964,0.500128701,4574,-0.484844492,2921,-2.802713003,5802,-1.438648293
23/02/2023,8046,-0.864273349,234,-0.526293132,1952,0.98410387647796727,4481,-0.657782488,2761,-2.888691834,5522,-1.550481665
24/02/2023,7657,-0.9687264,321,-2.002301341,1458,0.83233167817725306,4371,-0.949974574,6401,-3.054993606,7761,-1.14647848
25/02/2023,5518,-1.478373663,142,-1.603724315,752,0.77237023293757168,2631,-1.076326283,3720,-3.551213159,4367,-1.049059806
26/02/2023,3553,-0.995259011,82,-0.74854475,588,0.7310852354899694,1741,-1.15490281,2022,-3.503986349,3208,-1.25286305
27/02/2023,6924,-0.807573165,211,-0.469301082,1906,1.170992398153611,4311,-0.820744841,2486,-2.774109503,5068,-1.65072609
28/02/2023,8570,-0.931036932,412,-0.035485632,2238,0.66880417591216312,4791,-0.510757024,2168,-2.832269615,5302,-1.197266568
01/03/2023,8512,-0.761415924,270,0.15141429094340478,2076,0.70869065032399614,4529,-0.417212591,2013,-2.520604384,5192,-1.132198432
02/03/2023,8105,-0.820956338,258,-0.767592464,2602,0.69868823535693458,5650,-0.892627068,2163,-2.968142658,5608,-1.213158149
03/03/2023,7746,-0.908888668,254,-0.543344762,2150,0.5657063,4537,-0.400416228,1895,-3.014021346,5239,-1.419757869
04/03/2023,4829,-1.174667731,258,-0.369450074,934,1.0703384638990907,2607,-0.595558754,1436,-2.722627322,3367,-0.921083193
05/03/2023,4142,-0.730450748,161,-1.383917337,1065,-0.014352603,2477,-0.397069043,1051,-2.446494548,3095,-1.24040667
06/03/2023,7694,-0.60988121,253,-0.182671034,1628,1.0248960329483612,3929,-0.534457551,1819,-3.05697997,4577,-1.226748186
07/03/2023,8560,-0.843986956,288,-0.506203122,1887,0.932110628,4088,-0.512557278,1757,-2.964130796,5181,-1.280240485
08/03/2023,8079,-1.003165288,191,-0.992078459,1749,0.80766083978157754,3970,-0.343337376,1893,-3.184105766,5201,-1.316157849
09/03/2023,8843,-0.803942959,461,-2.231649827,2142,0.64544183842810809,4588,-0.556311522,1867,-3.014609314,5879,-1.457488957
10/03/2023,7881,-0.725361159,370,-1.417278831,1764,1.1753500888772577,4308,-0.757723447,2061,-2.882457663,4711,-1.166465205
11/03/2023,4484,-0.871273285,333,-2.078997704,839,0.54939141311628981,2429,-0.873809265,1090,-2.797066651,3152,-1.111253291
12/03/2023,4523,-0.625473496,108,-1.735505273,770,0.52032133718605689,2239,-0.797762929,1134,-2.641168803,3012,-0.58639638
13/03/2023,8247,-0.750597316,515,-1.504003034,1717,1.0379334059196832,5452,-0.564815773,2243,-2.660660784,5718,-0.792101641
14/03/2023,8122,-0.732292152,384,-0.259028209,2112,0.72590135791242849,4616,-0.696157935,1991,-2.868205716,5240,-0.817652358
15/03/2023,9097,-1.054623273,349,-0.201357979,2231,0.85387540611870327,4713,-0.897262844,1574,-2.714370283,5368,-1.155836358
16/03/2023,7983,-0.755293945,282,-0.938961993,1926,0.81136747,4044,-0.371017471,1558,-2.623334252,5459,-1.047993218
17/03/2023,7198,-0.668468421,439,0.92660174062264877,1661,0.96804326861661028,3951,-0.723633226,1912,-2.314413354,5173,-1.049658835
18/03/2023,4538,-1.203058404,112,-0.535264886,695,0.66097622700779668,1985,-0.861564945,1393,-2.747566838,3490,-1.359620125
19/03/2023,4642,-0.944249903,136,-0.961514286,724,0.24443967321432167,1920,-0.68906138,1214,-3.451474014,3134,-1.211452318
20/03/2023,8954,-1.135718682,190,0.34816325653348656,1794,0.56321082465953076,5548,-1.069097997,2333,-2.244893864,5191,-1.225250541
21/03/2023,8480,-0.887257156,332,-0.379951609,2057,0.91005244436481236,5474,-0.563835839,2283,-1.714035427,5233,-0.868733808
22/03/2023,2632,-0.633120888,87,-1.173919666,751,0.7523709336571085,2213,-0.408956528,526,-1.924091831,1654,-1.021703517
23/03/2023,5569,-1.087638829,247,-0.579272851,1511,0.7472171137821586,4423,-0.903257083,1278,-2.774820544,3081,-1.726411642
24/03/2023,13688,-1.423610619,768,-0.437525528,3655,0.72882907161456745,8490,-0.476748174,2502,-2.80432933,6020,-1.882832581
25/03/2023,7090,-0.984700757,209,-1.060260887,1522,0.45523862437741858,5824,-0.623230727,1192,-2.702329144,3174,-1.585025466
26/03/2023,6358,-1.597944099,176,-1.475727296,1389,0.19296995601584421,4987,-0.506479738,1601,-3.098262235,3385,-1.790643652
27/03/2023,11060,-1.039559064,316,-0.285631243,3303,0.67464368592746049,7745,-0.421646475,2206,-3.064650824,5474,-1.520265775
28/03/2023,12818,-0.813268921,574,-1.148200253,4475,0.54796055327662041,8465,-0.472445745,1946,-2.79385072,6656,-1.815988327
29/03/2023,12824,-0.768964093,673,-1.264673289,4450,0.59753768628733184,9914,-0.558957449,2139,-2.820586946,5251,-1.38274597
30/03/2023,12811,-0.609279569,958,-0.410469167,4838,0.731849134,9281,-0.62855413,2683,-3.302109949,6159,-1.115646437
31/03/2023,10913,-0.772230439,395,-0.596334773,2996,0.81787538903974677,6974,-0.512942165,2057,-2.880233007,4671,-1.487155023
01/04/2023,6246,-0.778101596,145,-0.548263412,1546,0.4665054343474806,4227,-0.916187458,1040,-3.339822672,2848,-1.583311414
02/04/2023,6610,-1.302718394,230,-0.444159488,1382,0.38415184104979544,4431,-1.492214461,1042,-2.717156066,2740,-1.591955827
03/04/2023,15582,-1.07789507,401,0.032385435,2705,0.82312916440146333,6548,-0.328763873,1737,-2.807565424,4644,-1.493203804
04/04/2023,14323,-0.877272126,304,-0.159484865,3037,0.8062065768972132,7234,-0.396807463,1968,-2.649662681,4870,-1.357789069
05/04/2023,11671,-0.633284301,389,-0.569117032,2957,0.946558435,7245,-0.366676525,1849,-2.829231531,4842,-1.61943278
06/04/2023,12403,-0.674887052,607,0.30528797662528179,2998,0.660384959,7906,-0.903139319,2021,-2.448080814,5456,-1.688667587
07/04/2023,8577,-0.653547371,557,-0.146477479,1790,1.0104619606746772,5453,-0.69846289,1690,-2.806760622,4462,-2.233935145
08/04/2023,5780,-0.860985743,373,-2.433678666,995,0.647850491,3093,-0.933976919,1271,-2.995507538,2685,-1.975066858
09/04/2023,5093,-0.509257059,322,-1.244803089,1095,0.1853705283532332,3121,-0.590364242,749,-2.603599654,2633,-1.792572062
10/04/2023,8650,-0.676836473,344,-1.211826953,1942,0.48173205727320856,4707,-0.53718611,1418,-2.205020231,3681,-1.441094876
11/04/2023,11427,-0.821614596,806,-1.217921373,2661,0.70597676611803051,6582,-0.687398601,2165,-2.454016293,4966,-1.494150106
12/04/2023,11982,-0.726618523,853,-1.428620561,2989,0.69039598889385512,7608,-0.517464139,2378,-2.870030458,5184,-1.41673708
13/04/2023,10605,-0.623877195,616,-0.800237478,2944,0.70393113296035648,7333,-0.325581526,2647,-2.851449542,4775,-1.444970878
14/04/2023,9942,-0.691795846,813,-1.830003575,2745,0.6431542070312678,7725,-0.744790504,2571,-2.792561698,4492,-1.461051267
15/04/2023,5693,-0.755851199,1545,-1.850841051,2098,-0.310773001,5150,-0.801229977,1304,-3.455565155,3671,-2.003334346
16/04/2023,5967,-0.578053895,1882,-0.992033611,2631,-0.300782428,4788,-0.340843498,1099,-2.726247789,3729,-1.188057011
17/04/2023,10474,-0.561452575,1285,-0.808496882,2982,0.50201383777148412,6928,-0.474122599,2741,-3.272717845,4432,-1.425220264
18/04/2023,10848,-0.598084431,758,-1.22248881,3204,0.81239527002616285,8407,-0.43716924,2702,-3.269777401,4832,-1.410016336
19/04/2023,11098,-0.810774237,601,-1.1223136,3696,0.628632576,8188,-0.573457751,2352,-2.936022211,4937,-1.314403517
20/04/2023,12170,-0.338344556,386,-0.728887663,4004,0.96674809740923107,10388,-0.409509965,2479,-2.987786665,6339,-1.083416375
21/04/2023,12254,-0.272386337,434,-1.689827637,3399,0.85082623013667846,9304,-0.294862838,2006,-3.109616652,6012,-1.045923749
22/04/2023,6606,-0.643318967,218,-1.521942902,1965,0.74980525632536543,6494,-0.754121645,1416,-2.535554777,3516,-0.92757347
23/04/2023,5788,-0.594953154,242,-1.209612897,1474,0.5795864836426986,4111,-1.166199393,1202,-2.638668759,3618,-1.035107034
24/04/2023,10046,-0.711824917,326,-0.601259884,3564,0.789153553,7864,-0.576282665,1876,-2.61340675,5579,-0.765783743
25/04/2023,11336,-0.394625462,342,-0.245239197,3097,0.93516836223315136,8185,-0.573414607,1907,-2.866575619,5903,-0.9459779
26/04/2023,12444,-0.575767775,615,-2.570002494,3607,0.45976504170201488,8826,-0.432105593,2542,-2.294725583,6751,-1.147175053
27/04/2023,13443,-0.439390308,859,0.40076237938438436,3792,1.0606588733936164,8548,-0.505190269,2178,-2.702429426,6389,-0.664936459
28/04/2023,14349,-0.136821859,604,-1.230389369,3225,0.8403949374125681,7986,-0.491108584,2402,-3.115290004,6197,-0.642324869
29/04/2023,9059,-1.037512747,187,-0.935031464,1295,0.87222885257470206,3681,-0.599033907,1065,-3.020462635,3906,-0.903994938
30/04/2023,6920,-0.704109999,191,-0.846747847,1484,1.0333051835639409,4391,-0.512630303,859,-2.882903948,3734,-0.73741123
01/05/2023,10029,-0.775426872,228,-0.174092882,1669,1.017991656912195,4698,-0.340376595,1024,-2.325056011,4282,-0.835799875
02/05/2023,12081,-0.382120491,368,0.38680903180987436,3252,1.1694136061627507,6764,0.016165696678744665,1344,-2.282093291,6076,-1.106576537
03/05/2023,14342,-1.088362516,406,-0.023232791,3263,1.0744378829530761,8258,-0.68170653,1789,-3.303491809,6058,-1.058482576
04/05/2023,15320,-1.067656381,334,-0.198901058,3536,0.82932694080950875,8227,-0.421118871,1312,-2.412962032,6731,-1.311107235
05/05/2023,12646,-0.63167403,417,-0.575549927,2890,0.83226897317572179,7128,-0.42735696,1414,-2.406094038,6265,-1.165940173
06/05/2023,10146,0.2507131765591481,226,-0.179513471,1625,0.69354407633985948,4430,-0.173825946,894,-3.357794692,4283,-0.451576326
07/05/2023,6822,-1.037244498,271,-1.740618305,1195,0.42595186562271936,3534,-0.806953994,785,-3.499095616,4111,-1.933439408
08/05/2023,11545,-0.737852937,534,-1.094111347,2453,0.98903109423792235,6533,-0.936992071,1897,-3.468909432,5843,-1.231669382
09/05/2023,12286,-0.355817571,318,0.055887772043239775,3406,1.1225407429851546,7697,-0.256143339,1999,-2.55072175,6067,-0.815179505
10/05/2023,12270,-0.723328123,361,-0.653580833,3232,1.159132764256195,7574,-0.452902184,2187,-2.623877506,6072,-1.023346752
11/05/2023,11484,-0.569151392,485,-0.448697405,3213,1.0257171316116691,7872,-0.521482489,2363,-2.787339365,6358,-1.174145383
12/05/2023,11378,-0.655531316,301,0.432136005,3097,0.91715593456722866,7147,-0.804482679,2248,-2.674242526,5919,-0.905752712
13/05/2023,6132,-0.556450156,160,-0.53391619,1495,0.82288393471313037,4494,-0.998032449,1863,-1.402137628,4546,-1.721497215
14/05/2023,5526,-0.402165357,98,-0.515146144,1751,0.752710531,4206,-1.463871303,1208,-2.121295189,3734,-0.993045434
15/05/2023,11904,-0.651830539,294,0.033562090533514818,3402,0.61256045868745423,7542,-0.621246693,2331,-2.170952442,5864,-0.592234865
16/05/2023,13206,-0.783053767,400,0.18372199571902798,3560,1.0300760292788416,8140,-0.411265337,2340,-2.757506916,7208,-1.022449181
17/05/2023,13285,-0.787928114,321,0.24900226392983454,3221,0.89584807507941111,9297,-0.700805317,2868,-2.339583173,6547,-0.855205294
18/05/2023,12055,-0.604058885,284,-0.380529906,3392,0.91126643636782712,9225,-0.862678522,2917,-2.428542497,5948,-0.540090197
19/05/2023,11953,-0.506560205,648,-0.638056595,3072,1.046605853393713,9259,-1.129254018,6104,-2.931628921,6935,-0.947061343
20/05/2023,6582,-0.359863102,278,-0.342210248,1704,1.0255693718280867,6114,-0.925504525,2308,-2.35929993,3482,-0.875539781
21/05/2023,5937,-0.402967702,138,-0.340150446,1374,0.3560202265959615,4997,-1.265407501,1661,-2.315158647,3157,-0.896332616
22/05/2023,10817,-0.544798485,416,-1.382287266,3137,0.833028087,8570,-0.490442024,2341,-2.56266873,5881,-0.831173177
23/05/2023,11929,-0.709997202,369,-0.508773487,3659,1.1112314596816157,8954,-0.86359471,2022,-2.537653288,5710,-0.797344821
24/05/2023,12332,-0.829596482,314,-0.462576263,3998,1.1342215174611816,8589,-0.91286218,1921,-2.263571895,6087,-1.052527825
25/05/2023,12024,-0.605573804,669,-0.722325877,3345,0.97886275446608839,8274,-0.508953824,2028,-2.310842016,6808,-1.078476368
26/05/2023,11502,-0.829448976,280,-1.083196273,3061,0.6678185997039241,7648,-0.633873396,1795,-2.710782695,5890,-0.982796118
27/05/2023,7020,-0.958199339,175,-1.068165512,1437,0.6693120950593564,4255,-0.741089257,1029,-2.902000694,3843,-1.729226386
28/05/2023,6064,-0.950701201,161,-1.053930306,1298,-0.151596415,3481,-1.133814904,1215,-2.78669957,3635,-1.390880299
29/05/2023,9381,-0.526827519,211,-0.381893473,2153,1.1626030496804098,5857,-0.652135139,1684,-2.821139911,4831,-0.766983176
30/05/2023,11632,-0.599946741,298,-1.220993211,2930,0.68726198608311029,7201,-0.556431913,1705,-2.914216092,5231,-0.963037119
31/05/2023,14814,-1.075443783,459,-0.761771546,3789,0.93589159898549823,9260,-0.760620472,1795,-2.954696701,6224,-1.115138312
01/06/2023,13411,-0.760892268,307,-0.938980494,3921,0.89876546757412346,9463,-0.906668467,1761,-2.488648055,6344,-1.231257735
02/06/2023,11905,-0.780766571,247,-0.571662638,2552,1.0371027297292659,7267,-0.798707856,1855,-2.619313536,5716,-1.087818805
03/06/2023,6499,-0.824789549,157,-1.25615697,1342,0.6712497010432088,5373,-0.975043113,1204,-3.1447618,3529,-1.263403296
04/06/2023,6982,-1.042417192,91,-1.293697093,1257,0.81642377246587539,3937,-0.434233601,1410,-2.964046851,3143,-1.230141143
05/06/2023,12592,-0.73582819,368,-0.33064578,3413,0.72284309741172725,9240,-0.335955803,1641,-2.820564177,5162,-0.779399321
06/06/2023,13126,-1.223059852,694,-3.106257975,3827,0.79881462615002319,8806,-0.467576981,1572,-2.958422283,7640,-2.587580534
07/06/2023,12420,-1.146892017,499,-1.747483081,3828,0.81196165706538248,9585,-0.561972162,1553,-2.450850696,6777,-2.168703408
08/06/2023,11268,-0.7427337,444,-0.753171227,3574,1.1125653078295756,10033,-0.765037286,1645,-2.827826655,5963,-1.439728711
09/06/2023,10838,-0.82838661,435,-0.922954439,3141,0.75870831339805689,8960,-0.791595452,1520,-2.728845922,5586,-1.09721367
10/06/2023,6224,-0.267204258,507,-3.374954804,1570,0.81398456449263745,4170,-0.873843238,1010,-3.085963974,4028,-1.621441321
11/06/2023,5943,-1.150112778,249,-1.64710093,1380,-0.136434492,4086,-1.166592518,774,-3.276320017,3323,-1.448461025
12/06/2023,10790,-0.762456161,321,-1.008225729,2964,0.94173377771128541,7216,-0.793842507,1469,-2.560263586,5307,-1.16855904
13/06/2023,12108,-0.653467103,394,-0.415542139,3264,0.97841200089794123,7824,-0.61565148,1548,-2.573180615,5757,-0.965167727
14/06/2023,12467,-0.345549853,389,-0.989367768,3687,0.91002861397056323,9590,-1.114935735,1830,-2.792070416,5797,-0.933560649
15/06/2023,11740,-0.591286343,457,-1.357004911,3565,0.89832237835664863,9234,-0.842645229,1839,-2.365877062,5571,-0.935878181
16/06/2023,10615,-0.509263474,347,-0.909538571,2732,1.0381382306011417,8383,-0.744787776,2136,-2.251581081,4877,-0.694868253
17/06/2023,6336,-0.831586644,181,-0.032221471,1449,0.84143292616373833,4685,-0.912713675,951,-2.507488599,3602,-0.904297442
18/06/2023,5130,-0.301903362,106,-0.46558425,1451,0.48921688516435385,4990,-1.150428813,617,-2.236305802,3015,-0.772921021
19/06/2023,9326,-0.296295322,314,-0.559728879,3181,0.63117480106831292,8880,-0.770282666,1734,-2.570634226,4348,-0.886371925
20/06/2023,10087,-0.442215259,359,-0.79272607,3195,0.85132490556105589,9483,-0.815508686,1541,-2.288997848,5722,-1.041365945
21/06/2023,11653,-0.721747382,440,-0.722041824,3492,1.0988793555337166,9300,-0.475600412,1962,-2.424347307,5212,-0.715617893
22/06/2023,10447,-0.686771604,372,-0.578457476,3363,0.95857961767669042,10037,-0.698803062,1631,-2.353848274,5117,-1.08485998
23/06/2023,9799,-0.963981222,675,0.16868612685143278,2947,0.97593965354621415,8606,-0.479050544,1878,-3.201095771,5190,-0.999377153
24/06/2023,5671,-0.967871764,192,0.034814434,1378,1.0842273658567099,4568,-0.614551837,1539,-4.500056159,4241,-2.042660183
25/06/2023,5283,-0.316113588,126,-0.557223316,1420,0.80412535618892877,3679,-0.716796919,979,-3.792295976,3633,-1.191672579
26/06/2023,9807,-1.003201763,259,-0.606934787,2547,1.0591138019461244,7435,-0.363567135,1503,-2.798190481,5588,-1.196050271
27/06/2023,10251,-0.472392389,474,-0.425823174,3360,1.1805752360907853,8847,-0.443881799,1516,-2.82027949,6174,-1.279420779
28/06/2023,9748,-0.457714206,306,-0.19048989,3547,0.72298440036575329,8329,-0.377977171,1625,-2.756227406,5776,-0.958082546
29/06/2023,9434,-0.517611014,316,-0.726358393,3097,0.84481733409099824,7605,-0.459835738,1511,-2.219714653,5450,-0.885074102
30/06/2023,9448,-0.482141608,292,-0.768815321,2894,0.68314137926445651,7591,-0.900482245,1180,-2.510692341,5057,-0.964946391
01/07/2023,6222,-0.291763113,168,-1.808322445,1318,1.2489106512453774,4048,-1.274159892,800,-2.829887007,3296,-1.004160068
02/07/2023,4998,-0.984058107,134,-1.858375509,1013,0.71438650364024292,3373,-1.272677849,804,-3.117114378,2997,-0.980589788
03/07/2023,9737,-0.62680571,256,-0.971387226,2744,0.61439129510382484,7054,-0.819450254,1447,-2.320093086,4485,-0.999060819
04/07/2023,9733,-0.690418237,371,-1.411159973,2506,0.906680348,7051,-0.703969657,1776,-2.344798023,4723,-1.373986805
05/07/2023,10803,-0.851915963,684,-1.29107993,2815,0.83157715874224525,9379,-0.760211712,1903,-2.78124348,5991,-1.708261201
06/07/2023,11224,-0.79076267,555,-1.400784847,3221,0.23987027430973654,9688,-0.654958805,1364,-2.54860726,6188,-1.548454973
07/07/2023,10089,-0.668389158,387,-1.184293273,2917,0.75060664236044061,9219,-0.786136523,1325,-2.556025681,5624,-1.01009875
08/07/2023,6110,-0.823820916,155,-1.92649756,1607,0.69347842155679262,5817,-1.040079167,678,-2.536591914,3422,-1.364369362
09/07/2023,5206,-0.351259481,211,-0.446180197,1112,1.0112648767650076,5930,-0.903129909,820,-2.157304036,3295,-1.404111504
10/07/2023,9515,-0.445233587,287,-0.201710947,2710,1.0446066774842648,9801,-0.835620222,1245,-1.606087989,4765,-1.048019879
11/07/2023,10957,-0.425238808,245,-0.642685291,3010,1.2388966728833524,10249,-0.800612661,1585,-2.361949577,5117,-0.475061272
12/07/2023,10716,-0.383456577,346,-0.280579219,3112,1.2300214186157148,9358,-0.693875665,1736,-2.206305924,5499,-0.958916896
13/07/2023,10731,-0.462578003,361,-0.099501171,3088,1.0229606515689325,10748,-0.813547395,1462,-2.490083208,5618,-0.717001457
14/07/2023,9424,-0.401846834,444,0.15200259829783908,2868,0.70548728675787453,9031,-1.069944872,1506,-2.826700361,4761,-0.865764933
15/07/2023,6065,-0.540952621,197,-0.373048259,1239,1.3891797845524432,6348,-1.239345421,1051,-2.484470623,3201,-0.819286512
16/07/2023,5790,-0.63538977,112,-0.545537723,1279,0.83289700777840892,5841,-1.58574846,987,-2.438488883,3127,-1.10644188
17/07/2023,11018,-0.438175219,238,-0.052967936,3278,1.0634143181277005,10600,-1.139627814,2348,-2.754789982,5062,-0.810610199
18/07/2023,11416,-0.589177262,423,1.1435431357720574,3224,1.1095098806777228,12398,-1.196368764,1657,-2.895288115,5335,-0.718118793
19/07/2023,11266,-0.678993663,439,0.054522116,3475,0.93203955845913855,10758,-1.209414562,1733,-2.881556266,5741,-0.771260923
20/07/2023,11322,-0.967161414,447,-0.411963716,3236,1.3416471381661996,11448,-0.7964131,2429,-3.036481701,5550,-0.455986081
21/07/2023,10913,-0.666769101,326,-0.309583656,3170,1.1078553933999959,9991,-1.14611015,1893,-3.274788273,5037,-0.592766849
22/07/2023,6336,-1.040262054,141,-0.658993346,1760,0.053595725216341442,6773,-1.654843374,963,-2.68896533,3645,-0.964197395
23/07/2023,5115,-1.049003797,210,-1.077987049,1274,0.21717856437919494,6566,-1.723049724,768,-2.241777545,3044,-0.786322155
24/07/2023,10017,-1.058943918,737,-1.309396787,2449,0.923531026,9386,-1.388375106,1374,-2.723328478,4964,-0.744054985
25/07/2023,11249,-0.565228811,385,-1.227347413,2747,1.0722517897441008,11741,-1.642375707,1458,-2.63722853,5188,-0.730402359
26/07/2023,10425,-0.709558134,442,-0.116833232,2996,1.0441607335553678,10770,-1.529579112,1457,-2.761135105,5507,-0.948841718
27/07/2023,11572,-0.52632796,358,0.19630476232673369,3429,0.79432720894708708,12711,-1.509314797,2000,-2.353209074,6020,-0.835885283
28/07/2023,10763,-0.541822551,388,-0.333642909,2731,0.67180622866124451,9704,-1.436122166,2089,-2.45947229,5161,-0.843003356
29/07/2023,5570,-0.664187846,251,-0.493495511,1083,0.62589880273770326,6008,-1.403964844,861,-2.601173024,2954,-1.134352139
30/07/2023,5531,-0.525383023,345,-0.36102895,1044,0.47048713658335339,5059,-1.594172463,873,-2.794060507,3018,-0.888038745
31/07/2023,11677,-0.887142185,522,-0.343565649,2734,0.53533540637468924,8868,-0.978739864,1854,-2.951327877,4664,-0.915941152
01/08/2023,11946,-0.532180825,573,-0.72476748,2697,0.94500212472972178,8963,-1.203091426,1712,-3.253660029,5481,-0.968012622
02/08/2023,11320,-0.530550235,384,-0.687500437,3210,0.85531256948785128,9151,-0.684356556,1188,-2.46611522,5306,-0.566524112
03/08/2023,12602,-0.724518032,267,-1.705291852,2788,0.49663987835201262,8781,-1.123998147,1885,-3.031413498,5053,-1.060092993
04/08/2023,12087,-1.197568914,239,-0.630522694,2553,0.65384219644687458,7759,-1.088827074,1667,-2.993773441,5290,-1.361913184
05/08/2023,7190,-1.433606699,132,-1.717524221,1110,1.0094501015239132,5367,-1.736436219,1211,-3.416157914,3194,-1.137305121
06/08/2023,6454,-1.484212137,157,-1.953977809,995,0.27508755876323421,4543,-1.463898533,936,-3.288170211,3067,-0.93250425
07/08/2023,10232,-0.682564911,316,-0.882934767,1941,1.0255430066910749,7971,-1.497012822,1334,-3.213486476,4963,-1.019117256
08/08/2023,11153,-0.726088221,337,-0.448811124,2353,0.93080346682158432,10651,-1.406308916,1682,-2.708418275,5198,-0.910324041
09/08/2023,11618,-0.809654696,463,-0.948079364,2735,0.87851164725249575,10064,-1.387639968,1498,-3.07153925,5328,-0.960384629
10/08/2023,12822,-1.117624707,394,-1.194641424,2406,0.86364749810578278,9560,-1.806255958,1938,-3.060695041,5326,-1.280998464
11/08/2023,11877,-0.998165496,350,-1.163256187,2092,1.2282249676483259,8265,-1.515111828,1871,-2.739092899,4875,-0.967586398
12/08/2023,5945,-0.995778148,204,-1.519152101,978,1.234458552254438,4367,-1.346341052,903,-3.378156479,3508,-1.140661282
13/08/2023,5412,-0.761580012,129,-1.081065742,1269,0.74857683747282011,4063,-1.943375873,650,-2.964662246,2957,-0.961909743
14/08/2023,9930,-0.90315383,274,-0.448704818,2382,1.2268118021047727,8347,-1.595991302,1500,-3.083445566,4860,-0.870293412
15/08/2023,10735,-1.037676395,179,-0.466872589,2763,0.48058983911637765,7581,-1.205532139,1633,-3.3852461,5041,-0.822414181
16/08/2023,11507,-0.726017646,252,-0.448418696,2601,0.88529359709648781,7317,-0.721048482,1485,-3.205159612,4785,-0.90991887
17/08/2023,10200,-0.804901543,259,-0.075281334,2477,0.81702827999476624,7928,-1.203974581,1556,-3.309963666,4818,-0.980411822
18/08/2023,10015,-0.772464257,365,-1.162858218,2068,1.0217449929223075,7251,-1.130651227,1493,-3.176090773,4746,-1.001479844
19/08/2023,5310,-0.349663714,167,-0.511113299,1045,0.71802292035064785,4920,-2.124866122,831,-2.58536208,2948,-0.620117535
20/08/2023,5868,-0.643167416,260,-2.313269338,929,0.98906848324962149,5136,-1.676446882,1191,-2.538157839,3348,-0.873680083
21/08/2023,10622,-0.741668284,561,-2.471201756,2111,1.249671928023266,7681,-1.29658252,1306,-2.383936298,4818,-0.670435518
22/08/2023,10111,-0.446963651,697,-1.537416366,2532,1.0597218481457105,8773,-1.266617058,1634,-2.312432227,4908,-0.731712774
23/08/2023,11522,-0.431610213,275,-0.859644044,2746,0.73711804504942147,8660,-1.149909731,1744,-2.557535854,5159,-1.17814359
24/08/2023,10967,-0.696087472,497,-1.685859756,2569,0.90625887191122834,9785,-1.513327513,2071,-3.089338727,5625,-1.461517538
25/08/2023,9350,-0.826350194,456,-1.105880828,2481,0.97240568035860719,7813,-1.24013877,1629,-2.905522922,5284,-1.270893555
26/08/2023,5431,-0.753082302,168,-1.180817748,1135,0.95502541798589224,4903,-1.91593431,881,-2.768513721,3434,-1.203527897
27/08/2023,5473,-0.894186652,179,0.15952935242004079,1054,0.10702135211025954,4648,-1.488233749,883,-3.108329516,3037,-1.511217132
28/08/2023,9336,-0.6732985,235,-0.509921603,2553,1.0369014255920646,7295,-1.2280084,1334,-2.82242362,4679,-1.124440018
29/08/2023,9519,-0.526025904,285,-0.482580745,2914,0.88517267811015277,8322,-1.258261653,1362,-2.703991994,5153,-1.158635344
30/08/2023,12622,-1.067704613,280,-0.630366677,2685,0.67501806351292559,9045,-1.505844417,1515,-2.971491766,5285,-0.911758649
31/08/2023,10758,-0.593541613,289,-0.82841182,2858,0.90914508197628485,7969,-1.365286578,1596,-2.895819438,5256,-0.90701285
01/09/2023,10642,-0.325562357,277,-0.893809427,2523,0.70911360684409985,7720,-0.775465636,1350,-2.636144065,5390,-0.974967647
02/09/2023,5547,-0.88012069,294,-1.523580495,1092,0.5026656397012691,4742,-1.119392864,612,-2.694232801,3236,-1.018174066
03/09/2023,5183,-0.627206591,162,-1.089922351,992,0.8922822498695625,4232,-1.049479017,703,-2.383115551,3013,-0.947702064
04/09/2023,9513,-0.368391932,390,-0.137251909,3043,0.79685040159096376,7282,-1.118846631,1998,-1.937995183,4468,-0.697632756
05/09/2023,11486,-0.755480099,224,-0.089350934,3554,1.088050598888844,9211,-0.945754255,1756,-2.163150501,4971,-0.861766819
06/09/2023,12902,-0.640401886,240,-1.107764323,3684,1.112963802,11379,-0.987512996,1756,-3.118790885,5149,-0.573495584
07/09/2023,11855,-0.739848598,478,-0.447501545,3782,0.82496003107134319,11326,-0.838435687,1715,-2.838008359,5341,-0.883264709
08/09/2023,10800,-0.797301232,372,0.65815252572993632,3794,0.54558867915690723,11077,-1.411313165,1933,-2.868138951,5167,-0.840969936
09/09/2023,6395,-0.466005528,339,0.027899023041248139,2554,0.069682209503615825,7103,-1.223742524,1204,-2.339341388,3615,-0.553771748
10/09/2023,5779,-0.431663752,363,1.2936426845495614,1678,0.91642735770740247,6825,-0.887000662,1099,-2.289376083,3541,-0.644685059
11/09/2023,11263,-0.502974544,349,0.00653871,3382,1.0688216875952714,8491,-0.943458891,1850,-2.115951117,5211,-0.56474908
12/09/2023,12984,-0.961687952,317,0.0054872,3747,1.1021074263516883,9678,-0.747672352,2946,-2.38254507,5190,-0.90063333
13/09/2023,13494,-0.835606849,340,0.14150168499252086,3397,1.0228558577080351,11187,-1.326533171,3044,-1.936389431,5261,-0.788766751
14/09/2023,13182,-0.707813908,357,0.10567292239526258,3278,1.1051765185857831,9977,-0.819725282,2849,-2.611122485,5522,-0.721690013
15/09/2023,11335,-0.716896624,285,-0.179968999,2807,0.96166621283655773,9204,-1.030770812,2859,-2.379467884,4912,-0.625199588
16/09/2023,6460,-0.988201618,191,0.31469777017114287,1314,0.62990663943840763,6275,-1.790134791,1587,-2.859365003,2957,-1.083746816
17/09/2023,6963,-1.494647111,238,-1.039610671,1315,0.42385329514434433,5890,-1.526240201,1355,-2.373090812,2933,-0.834631994
18/09/2023,14506,-1.099501058,279,-0.633469268,3091,0.74099928187254183,9280,-0.765987754,2647,-2.890290711,5143,-0.995306757
19/09/2023,14022,-0.838776428,394,-1.763909086,2845,0.93514959723171132,12005,-0.730460525,2342,-2.610301059,5275,-0.817164153
20/09/2023,13838,-1.060970446,483,-1.206275718,3457,0.75676044967557332,12442,-0.735578515,2098,-2.480181559,5532,-1.091642806
21/09/2023,12668,-0.57669092,414,0.41453557740432723,3299,0.98431358716683537,10006,-0.364076731,1862,-2.42044594,5475,-0.63850409
22/09/2023,10770,-0.517633169,489,-0.192523043,3025,1.0697168414588039,9187,-0.516065887,1708,-2.293113418,5593,-0.831769512
23/09/2023,5634,-0.645763605,172,0.1850714589631289,1658,0.63990911889566671,5617,-0.807082506,1037,-2.251293114,3359,-1.417169998
24/09/2023,5263,-0.713896984,115,0.012167691912058992,1318,0.93541722416152873,5069,-1.181310259,672,-2.330813382,3020,-1.157873217
25/09/2023,11204,-0.601626169,429,-0.001577037,2977,0.71675432050926668,8121,-0.28200933,1614,-2.817315407,5260,-1.037793073
26/09/2023,11522,-0.403189815,491,0.27330053972262081,3323,1.0434011219434023,9377,-0.24392287,1486,-2.841580124,5452,-0.979246804
27/09/2023,12096,-0.423427187,387,0.43855958922368821,3449,0.90143660619244881,8409,-0.551358351,1581,-3.009369309,5338,-0.971887664
28/09/2023,12709,-0.818404376,528,-1.023804092,3094,0.66638063714330709,8458,-0.952379791,1462,-2.577263736,5003,-0.84581281
29/09/2023,11442,-0.605259263,280,0.32985620138216137,2610,0.87571204240301681,7503,-0.667846397,1612,-2.737291725,4523,-0.998913774
30/09/2023,6506,-0.727332139,157,0.35234199889593437,1257,1.0669079826753414,4718,-1.056466463,745,-2.408866275,2929,-0.841772967
01/10/2023,5820,-0.527234714,166,-0.118390602,1082,1.0933688521954625,4096,-0.870622594,928,-1.780642404,2851,-0.829642669
02/10/2023,10724,-0.665994431,366,-0.480695853,2706,0.839206157,7693,-0.514928535,1403,-2.302629826,4369,-0.986415562
03/10/2023,11420,-0.813678426,354,-0.332903213,2486,0.97233279514322091,7782,-0.282482043,1520,-2.512354513,4447,-0.935485741
04/10/2023,11559,-0.823183261,288,-0.008563089,2793,1.1513835489216737,8964,-0.719478035,1107,-2.669992186,4653,-0.827051559
05/10/2023,12463,-0.990511546,643,-0.359944229,2900,0.92040222215303846,9647,-0.792419352,1680,-3.036317176,5270,-0.710732662
06/10/2023,11794,-0.947177541,567,0.18422810366420889,2400,0.7958098687967653,8719,-1.206207815,1334,-2.77742557,4820,-0.855967189
07/10/2023,5395,-0.701188871,258,0.45710802341923684,1350,0.37096138321369687,3895,-1.064927799,532,-2.714463134,6122,-3.640922775
08/10/2023,5722,-0.930694913,151,-0.569002698,1335,1.214732146,4269,-0.669367799,530,-3.208194227,5654,-3.029948622
09/10/2023,14478,-1.7557149,298,-0.863198146,2823,0.71977218061338544,6636,-0.518556088,1365,-3.19702736,8585,-2.308945262
10/10/2023,13243,-1.480853187,367,-0.249095951,2883,1.1487473613743919,7531,-0.472019718,1333,-3.170989294,7921,-2.151223747
11/10/2023,13735,-0.999145191,391,-0.266430723,2909,0.84691439910880073,7522,-0.317927668,1465,-3.055566726,8132,-2.319716085
12/10/2023,12867,-0.976308291,274,-0.308228435,3016,1.1736093842183093,7408,-0.189320651,1540,-2.997010018,7492,-1.717827363
13/10/2023,12323,-0.970832272,480,1.0133896068801176,2670,1.1864495974595026,6984,-0.613893343,1508,-3.177578506,6601,-1.606646555
14/10/2023,5856,-0.759718115,133,0.6111275001110632,1389,0.83147637911495587,3526,-0.544072236,685,-2.962980113,3765,-1.771238996
15/10/2023,5871,-0.833452247,112,-1.217135484,1138,1.2388850761120849,3181,-0.487414436,650,-3.262261016,3869,-1.911547798
16/10/2023,12239,-0.919272392,256,-0.136310418,2710,1.4970303308327415,6326,-0.270476289,1460,-2.489415728,6136,-1.452533049
17/10/2023,12405,-0.790904996,630,-0.303106122,3251,0.956382812,6709,-0.002958253,1768,-2.403987826,6699,-1.377984231
18/10/2023,13015,-1.091248774,319,-0.187502716,2955,1.2438827776988157,6883,-0.176393252,1896,-3.27463575,6501,-1.491406938
19/10/2023,12897,-0.764302941,222,0.044589371395959032,2973,1.549445338244525,7383,-0.235587208,2124,-2.488562826,6750,-1.36253309
20/10/2023,11560,-0.999665552,185,-0.211123985,2679,1.4974416070245089,6539,-0.384425332,1486,-2.977702773,6587,-1.618024638
21/10/2023,6122,-0.971633179,109,-0.593401796,1440,1.1111252015821014,3792,-0.543156027,803,-2.798408671,4058,-1.927775196
22/10/2023,5602,-0.926975004,56,-0.068045389,1232,1.1018446471870984,3531,-0.336734602,668,-2.898364799,3695,-1.634187569
23/10/2023,11980,-0.761212142,211,1.2536497804938891,2835,1.362720796990486,7235,-0.648457129,1397,-2.885990711,6209,-1.344330702
24/10/2023,12277,-1.045035551,222,0.36838383877198971,3965,0.9118942145216884,7833,-0.338565564,1419,-2.893860395,6351,-1.472368122
25/10/2023,12438,-0.691287884,353,0.16734823447257596,3595,1.3511579462949062,8132,-0.472026302,1274,-2.841715399,6393,-1.078279753
26/10/2023,12050,-0.696479626,280,-0.859199174,3467,1.4449235632422954,7537,-0.486258117,1720,-2.595408589,6608,-1.297722589
27/10/2023,11726,-0.896199074,210,-0.318479941,2899,1.196439812,6584,-0.449524785,1156,-2.154596158,6261,-1.140230154
28/10/2023,6237,-1.351636955,108,-0.792507139,1165,1.2356984876795847,3241,-0.104531058,529,-2.657028571,4020,-1.548130543
29/10/2023,6423,-0.511594815,105,-1.28502454,1375,0.62838980417750256,3663,-0.180685442,487,-2.604810464,3695,-1.693722678
30/10/2023,12436,-1.072846031,185,0.219244415,2953,1.1297194682341667,7392,-0.523449975,1144,-3.107093064,6077,-1.294167761
31/10/2023,12534,-0.673932477,291,-0.148531023,3160,1.0880550955192856,7743,-0.424818384,1442,-3.332501857,6549,-1.095738373
01/11/2023,12833,-0.924987308,283,0.21981735473902461,2667,1.1450138051971397,7933,-0.370114529,1479,-3.124148446,6253,-1.202577052
02/11/2023,11374,-0.636450171,249,-0.027180331,2901,1.2810760730924917,7617,-0.300592621,1520,-3.149290969,6081,-0.911674704
03/11/2023,10083,-0.632383493,251,-0.574222932,2420,0.96153000985923442,7246,-0.604781021,1466,-3.513882056,5295,-1.17758472
04/11/2023,6004,-0.530949701,111,0.26757628094931929,1266,1.1234260216891898,3735,-0.394015766,929,-2.473354906,4010,-1.559192923
05/11/2023,5601,-0.405459365,102,-1.155250349,1089,1.2825840520887741,2913,-0.582090807,598,-3.044147242,3634,-1.484500448
06/11/2023,10868,-0.736377874,264,-0.388869061,2306,1.2752579100405672,6732,-0.362858708,1144,-2.734412369,5548,-1.342727952
07/11/2023,12437,-0.762660968,311,-0.193735557,3069,0.954481635,7907,-0.134511961,1226,-2.704080352,5835,-1.197754214
08/11/2023,12331,-0.694309556,319,-0.081083948,3541,0.8128365335374883,9159,-0.553761306,1765,-2.646261008,5908,-0.962620906
09/11/2023,12282,-0.609042264,401,-0.088781103,3145,1.0866207857831767,7960,-0.306781004,1451,-2.34436569,6551,-0.857039929
10/11/2023,11425,-0.470658763,316,0.10775374932995996,2636,1.3892271217917718,8225,-0.46040715,1071,-2.494762678,6577,-0.885702335
11/11/2023,5967,-0.865358545,104,-1.135515582,1110,1.0015127578067204,4041,-0.745941699,616,-2.886052632,3267,-1.332575956
12/11/2023,5884,-0.846381533,100,-0.468165365,927,0.89004984226258621,3718,-1.09373323,614,-2.807589744,3203,-1.495124932
13/11/2023,10656,-0.60240129,260,1.1966155854563725,2330,0.9713507037227469,6523,-0.825273666,1261,-2.461758426,4913,-0.984943397
14/11/2023,11100,-0.662421606,408,-1.455573109,3109,0.91968287441264174,8534,-0.675933008,1563,-2.695811605,5502,-0.880380037
15/11/2023,12244,-0.686106552,252,-0.329051605,3996,0.61782251992851189,10636,-0.767946226,2014,-2.651615351,6022,-0.859478145
16/11/2023,11201,-0.523208863,230,-0.19740579,3013,1.0741748871538057,8412,-0.487695082,1851,-2.798676987,5352,-0.708088901
17/11/2023,11308,-0.6100689,559,1.8915568103859211,2947,1.4248353155597853,7924,-0.150481138,1384,-2.585092693,5113,-0.77920491
18/11/2023,5959,-0.767079352,124,-0.347933019,1145,1.1637152206493611,4375,-0.031953111,796,-3.252253818,2840,-0.870584776
19/11/2023,5366,-0.33557024,129,-1.088310569,1008,0.647480922,4076,-0.635062887,699,-2.953397858,3551,-0.624214391
20/11/2023,9140,-0.555545127,283,-1.141918462,2943,1.0340084139633734,8552,-0.344400543,1000,-2.571182613,5041,-0.613179811
21/11/2023,11106,-0.320643534,254,0.43500949957474211,3541,1.1264149474618141,8493,-0.455436307,1285,-2.526135373,5294,-0.858629802
22/11/2023,11112,-0.47821708,319,-0.315822159,3825,1.2512352881383013,7885,-0.322507733,1458,-2.139971685,5348,-0.817058538
23/11/2023,10582,-0.356353861,283,-0.272901935,2575,1.0650569872006344,7712,-0.098675605,1175,-2.415440347,4903,-1.011552956
24/11/2023,9553,-0.518549239,257,-0.137934457,3063,0.90823175265524847,6890,-0.326101168,1206,-2.540646961,4816,-1.04294592
25/11/2023,5433,-0.717091937,126,-0.718039591,1317,1.1053429386471469,4976,-0.990665289,723,-2.959200598,2794,-0.934525223
26/11/2023,5059,-0.60791027,117,-1.282183411,1237,0.5411758686029059,4238,-0.955323856,611,-2.902885635,2822,-1.359543833
27/11/2023,10999,-0.682863488,297,-0.080007329,3168,0.79149508284566161,8788,-0.62598662,1154,-2.641327398,5435,-0.719520736
28/11/2023,11524,-0.357795811,368,0.70295543552124207,3973,1.0600160809726291,10623,-0.597918519,1377,-2.771382255,5298,-0.791127668
29/11/2023,11975,-0.381804811,338,0.29301325818375068,4426,0.8433542835736122,10716,-0.430288897,1272,-2.208717212,5510,-0.604210571
30/11/2023,13846,-0.470139279,251,0.13955491031141892,4615,0.39199296108324677,12777,-0.461331364,1602,-2.504093198,6153,-0.904665769
01/12/2023,12943,-0.644402978,248,-0.025476719,4705,0.348746731,13558,-0.362913222,1326,-2.86152684,6092,-0.959453382
02/12/2023,8403,-0.324088141,1379,-0.518310364,3908,0.43113673835769112,10133,-0.492288929,672,-2.619801786,4284,-0.888390801
03/12/2023,6871,-0.364641721,349,-0.603152872,2167,0.94262135828791827,7444,-0.432917657,539,-2.612016336,3460,-0.955328688
04/12/2023,12034,-0.540624574,638,0.28271153649493735,3641,1.1956973764375061,10710,-0.163529928,1043,-2.725722835,5787,-0.771931652
05/12/2023,13705,-0.62260458,477,-0.382534213,4187,1.0705893200964083,11470,-0.321075256,1455,-2.894567693,6003,-0.847150527
06/12/2023,14329,-0.784760127,512,-0.279119749,3713,1.0230323901905543,10384,-0.339492724,1847,-2.679556309,5451,-0.927539693
07/12/2023,13494,-0.64412615,437,0.39284237126588295,3098,1.3486376606771553,8958,-0.120228642,1976,-2.720933469,5706,-0.823660506
08/12/2023,11629,-0.552689174,562,-0.293857386,2987,0.9002511444124861,8979,-0.410372045,1355,-2.568952924,5564,-0.670452086
09/12/2023,7969,-0.933350442,181,0.29234766053455058,1941,0.60781719992412264,6277,-0.25303252,1199,-2.988432053,4043,-1.260891737
10/12/2023,7051,-0.743657825,191,0.18052642140649897,1715,0.96517800527293507,5441,-0.32401716,835,-3.257772361,3704,-1.009433459
11/12/2023,11466,-0.301422482,425,-0.345369034,3492,0.55013870197116232,9324,-0.469421802,1312,-3.144703702,5320,-0.958755832
12/12/2023,12641,-0.663816307,671,-0.468808733,3676,0.7776311855990905,9191,-0.488110312,1534,-2.837921807,5699,-0.983941722
13/12/2023,13685,-0.511826739,525,0.422400465,4693,1.0704482721851927,10707,-0.192087685,1442,-2.238500401,5909,-0.71047235
14/12/2023,12059,-0.325875801,394,0.4752200262842029,3791,1.1968030079127814,7971,0.10647495621294713,1504,-2.815914599,5609,-0.577562297
15/12/2023,11379,-0.39916106,447,0.81342961354424637,3211,1.1069618584385372,6800,-0.326840348,1795,-2.441217371,5242,-0.627568038
16/12/2023,6704,-0.522038043,160,0.40140670513596821,1277,1.0537999935157532,3438,-0.149521898,699,-2.142310372,3453,-0.901989902
17/12/2023,5263,-0.434922991,166,-0.294650198,910,0.76653856399285991,2933,-0.261503255,717,-3.424461706,3060,-0.894674894
18/12/2023,12976,-1.049097011,305,0.46847325789308647,2848,1.5651440486310024,6290,-0.495582353,1552,-2.949459412,5043,-0.925338186
19/12/2023,12870,-1.102671199,264,0.64609959509389125,2745,1.2437424777092239,6856,-0.483268423,1738,-2.955168116,4864,-0.933576325
20/12/2023,12551,-0.809276411,372,-0.076615116,2882,1.1265321411609277,6301,-0.243756319,2000,-3.773091408,5068,-0.836237615
21/12/2023,10956,-0.704768652,350,0.70039005677639909,2911,1.3180978005235109,6137,-0.372840107,1597,-2.951238878,5156,-1.094349334
22/12/2023,9972,-0.458441934,572,-1.434380544,2540,1.0364092469888393,5429,-0.560037774,1337,-2.646840522,4697,-0.726076243
23/12/2023,6157,-0.754732799,111,-0.837828976,1071,0.48498076405102375,3189,-1.201950569,626,-3.147456607,3060,-0.935420366
24/12/2023,5781,-1.289257922,89,-0.514542017,819,0.46097712652388773,2344,-0.902276042,453,-2.942278882,2799,-0.913170813
25/12/2023,5918,-0.796519774,157,-1.271527974,1174,1.0081501562895641,2839,-0.744283717,889,-3.610140122,3242,-0.940141279
26/12/2023,7570,-0.673944029,210,-0.59084835,1483,1.0896949580787334,3711,-1.371841455,1018,-2.163301595,3987,-1.062656384
27/12/2023,9807,-0.750286791,335,-0.924552709,2233,1.0754655157852475,5325,-1.458683684,1185,-2.356343425,4856,-0.953210874
28/12/2023,9843,-0.646698803,266,0.067169125736734489,1856,1.1122342196748993,4828,-1.583300649,1107,-2.272103699,4627,-1.177874756
29/12/2023,9338,-0.656089593,297,-0.782519886,1910,0.92976640101427677,4889,-0.987228218,1159,-2.65929332,4785,-0.890738547
30/12/2023,5849,-0.967889396,121,-0.881024586,1434,0.53551168427619578,3326,-1.120767124,620,-2.713129294,3244,-0.75516351
31/12/2023,4835,-0.692559584,117,-1.212774219,870,0.5820071947133526,3768,-0.975366251,730,-2.284089794,3287,-1.164878954
01/01/2024,4944,-0.352167878,342,-2.493419255,1135,0.10540705633934999,3137,-0.748854621,601,-2.420822739,2921,-0.967610939
02/01/2024,8938,-0.763096076,228,-1.31280159,1662,0.98433526849360886,4116,-0.670649755,698,-2.670684261,4208,-1.154123651
03/01/2024,9512,-0.819851652,345,-0.550380761,2270,0.70529390569200312,4495,-0.723137721,1162,-3.247659118,4656,-1.195679844
04/01/2024,9573,-0.87917913,226,-1.003547211,2470,0.48265203177584659,4976,-0.896382386,988,-2.847680148,4634,-0.879263542
05/01/2024,8621,-0.72933411,178,-0.751465213,1806,0.79392354639591678,4962,-0.885165651,1192,-2.983928122,4860,-0.986543047
06/01/2024,5226,-1.108037287,95,-0.406669864,751,0.673891621,2605,-1.204158545,611,-2.984297901,2962,-1.59060835
07/01/2024,4588,-0.938981929,192,-0.902072462,1000,0.70836298322666313,2565,-0.744099705,484,-2.994378122,2585,-1.114641525
08/01/2024,9400,-0.811794603,228,-0.074134379,1965,1.1657020063749359,4818,-0.884165365,905,-2.64221157,4177,-0.693677388
09/01/2024,10642,-1.037132479,236,-0.268013951,2219,1.2907449221220546,6691,-0.87056514,915,-2.886193788,4527,-1.09894478
10/01/2024,10891,-0.904165512,238,-0.203297116,2475,1.1496465464328807,6508,-0.987564546,1053,-2.829017644,5194,-1.146852981
11/01/2024,11486,-0.836265894,338,0.33473685586954305,2731,1.0830985579682293,5944,-0.78432977,1419,-3.139912972,4745,-1.164441592
12/01/2024,13226,-1.747197783,257,-0.119916899,2381,0.7854657406477622,6032,-0.868504745,1602,-3.40420295,4781,-1.354079523
13/01/2024,6421,-1.837074634,143,0.059664193483458527,1234,0.72480951723194575,3572,-1.027027334,621,-3.685739929,3060,-1.538794381
14/01/2024,5535,-0.829064749,85,-0.310231599,1061,0.32352417924662774,3624,-0.905217822,463,-2.473046112,3008,-1.193466715
15/01/2024,9988,-1.114434754,205,-0.014436942,2207,0.91016189369819345,5884,-0.945918254,985,-2.193282162,4594,-0.877616255
16/01/2024,11022,-0.910293785,276,-0.281822968,2578,0.7060405586257803,6607,-0.7568465,1351,-2.823196505,4805,-0.954708163
17/01/2024,10993,-0.646652511,236,-0.103826243,2671,1.1261080383362625,7133,-0.875188576,1120,-2.832285016,4729,-1.483730036
18/01/2024,10696,-0.819865178,263,-0.339708873,2704,0.78975790823769665,6512,-0.688829994,1161,-2.750089365,4681,-1.265535679
19/01/2024,10210,-0.874925488,208,-0.115470157,2216,1.0825380947005985,5768,-0.544694716,1094,-3.198245923,4317,-0.959155249
20/01/2024,5165,-0.86087546,127,-0.161264824,981,1.0394260570941523,3534,-1.192115617,689,-4.548843164,3145,-1.357086946
21/01/2024,6164,-1.546714549,135,-0.920713082,1076,0.55969867676048957,3212,-1.165348823,670,-3.247272493,2981,-1.348684343
22/01/2024,9732,-0.868070508,268,-0.619321904,2113,1.0786211898617484,5666,-0.642597664,1301,-3.271775708,4598,-0.802148952
23/01/2024,9510,-0.592844179,453,-0.076439761,2431,1.3315577925464324,6240,-1.005647111,1378,-3.119282013,4998,-1.05037576
24/01/2024,9686,-0.551547537,374,-0.427758312,2520,1.3681623407677286,6312,-0.58466539,1074,-2.661644394,5284,-1.100250817
25/01/2024,9774,-0.579888566,360,-0.351239057,2622,1.2737925734870228,6401,-0.503734948,968,-2.677706609,5031,-0.900345874
26/01/2024,9981,-0.640478071,306,-0.026430031,2053,1.1379086104598082,6070,-0.435711254,1031,-2.616460826,4699,-1.066410521
27/01/2024,7847,-0.952482618,281,1.2391102404420957,1011,1.1762630642276182,3403,-0.399249157,953,-2.98633385,3258,-1.0556684
28/01/2024,5970,-0.350127042,136,-0.120298637,911,0.58978167666938108,2826,-1.046037974,596,-3.084315182,2826,-1.167799078
29/01/2024,10184,-0.937395747,246,-0.199435554,2375,0.90354662445711564,4874,-0.42254641,1081,-3.215630947,4500,-0.976627574
30/01/2024,11208,-0.877492669,276,-0.200185247,2481,1.273171133844307,5859,-0.560736256,1572,-2.740783625,4695,-1.178928483
31/01/2024,11076,-0.616041708,245,0.1241597172162269,2704,1.0734473183622808,6019,-0.638679482,1533,-2.686761214,5027,-1.130342891
01/02/2024,11538,-0.740648094,307,-0.232226829,2678,1.3199033470375203,6715,-0.708018969,1404,-2.886578031,5051,-0.806756564
02/02/2024,10206,-0.815404717,266,-0.861026261,2349,1.143031383273361,6289,-0.543656156,1046,-2.804517585,4447,-1.00411165
03/02/2024,6408,-1.291850957,102,-0.373638613,1146,0.42391652438416816,3354,-1.200555541,721,-2.496475367,3174,-1.745730978
04/02/2024,5268,-0.682694016,105,-0.461441371,925,0.26865556293625964,3307,-1.233458153,521,-2.950017232,3052,-1.181819062
05/02/2024,9645,-0.540676471,210,-1.195869067,2121,0.89094511823920541,5700,-1.067306898,1286,-2.479558791,4676,-0.664424961
06/02/2024,10988,-0.283389234,447,-0.463866512,2633,0.69567207202854608,7708,-1.095374638,1131,-2.427212282,4817,-0.810843137
07/02/2024,10561,-0.560062996,350,-0.993316042,2887,0.74553643318592722,6956,-0.819084233,1537,-2.750897883,5348,-1.012611717
08/02/2024,10151,-0.523161712,254,-0.339730871,2810,0.85391173881685933,7804,-0.509965961,1506,-2.663475094,5247,-0.882635452
09/02/2024,8805,-0.557271513,300,-0.943364944,2034,1.0171080281484339,5808,-0.423962635,1129,-2.338841129,4738,-0.825417136
10/02/2024,5219,-0.458847169,181,-1.355085272,956,0.3946943164785085,2856,-0.992306812,422,-2.652104904,2864,-1.129107337
11/02/2024,5434,-0.019649796,148,-1.062233203,844,0.57133950671950728,2495,-0.775798892,501,-2.662425539,2605,-1.107302719
12/02/2024,9306,-0.719150894,375,-0.329413182,1822,1.0514219081581004,5207,-0.72877533,1100,-2.612989075,3805,-0.935705278
13/02/2024,9290,-0.340003447,400,-0.3179764,2258,1.0308806500997634,6600,-0.460424039,1281,-2.637085664,4468,-0.904942525
14/02/2024,10128,-0.697414068,302,-0.500407342,2286,1.1058486802225163,6599,-1.060114322,1153,-2.845451742,4521,-1.498586824
15/02/2024,10644,-0.696881144,376,-0.692318456,2388,1.002702895661548,5898,-0.668725591,1289,-2.77037729,4884,-1.34619013
16/02/2024,10008,-1.07515414,392,-1.80607705,2113,0.92678074362205176,5520,-0.520782131,1432,-3.28300551,4423,-1.327755678
17/02/2024,6320,-1.267095156,216,-2.722437708,853,1.0682643031644239,3485,-0.814774481,1166,-4.549714343,2935,-1.315683293
18/02/2024,5763,-0.486513661,132,-1.884110612,1022,0.84355986101097791,2852,-0.748089061,756,-3.266970012,3184,-0.837990175
19/02/2024,8943,-0.5164969,361,-1.400699189,2236,0.84511810057882308,5116,-0.684260145,2724,-4.173929131,4457,-1.057083523
20/02/2024,10825,-0.496664442,316,-0.284635723,2718,1.3777768417045426,6098,-0.752344169,2913,-3.523106888,5415,-1.028370463
21/02/2024,10741,-0.829196886,449,0.014987877414393294,2885,1.1584791618346402,6709,-0.615059889,2822,-3.577837433,5698,-1.269121249
22/02/2024,10341,-0.582662176,338,0.003428222,2685,1.2806317916621155,7135,-1.156745925,2303,-3.668123562,5170,-1.149724857
23/02/2024,9727,-0.897753666,234,0.044072505876142254,2116,1.1612353785538723,5210,-0.374642941,3830,-4.560049436,5059,-0.9893468
24/02/2024,7137,-1.207542931,82,-0.772251436,1033,0.86264537306673672,2965,-0.751090209,2537,-3.760114371,3331,-1.230955228
25/02/2024,6342,-0.628000542,75,-0.7846736,1056,0.33176534228022347,3194,-1.266017968,1572,-3.578485477,3155,-1.219984517
26/02/2024,9686,-0.625992714,272,-0.124697447,2442,1.2052465496770313,6208,-0.753344584,1929,-3.570238038,4477,-0.836291041
27/02/2024,10646,-0.54865056,349,-0.521916025,3225,1.1637186920198654,6271,-0.559280141,1536,-2.832915048,5307,-0.774101
28/02/2024,10532,-0.414219351,198,-0.279431021,2777,1.1787735136382929,6277,-0.525617303,1877,-2.773572926,5174,-0.882841193
29/02/2024,10668,-0.492753926,284,-0.109027469,2729,1.225170174068247,7231,-0.75714722,1666,-2.703977944,5404,-1.058884378
01/03/2024,10762,-0.100249784,306,-0.191695231,3198,1.2399176378275016,7447,-0.344449719,1424,-2.999595327,5170,-0.788543282
02/03/2024,6184,-0.50631487,92,-0.46584154,1176,1.1630240620064716,3473,-0.771779392,652,-2.728276974,2952,-1.223522869
03/03/2024,5922,-0.808031429,157,0.17997745982970934,895,1.3013944704715148,3505,-0.755676625,628,-3.431423205,2984,-0.959215594
04/03/2024,10133,-0.350143396,323,-0.312352764,2563,1.2014901738263013,6313,-0.459675491,1089,-2.984783692,4936,-0.653131958
05/03/2024,10025,-0.151812911,550,-0.543465645,2460,1.5276192169987757,6457,-0.563763734,1057,-2.519474495,5207,-0.719348067
06/03/2024,10744,-0.853345748,725,-0.629375921,2672,1.1215414852874752,6514,-0.527921078,1375,-3.539145917,5330,-0.572594186
07/03/2024,10939,-0.478917055,445,-0.510017948,2937,1.4368889020738385,6882,-0.397084587,1645,-3.096797522,5193,-0.364582461
08/03/2024,9049,-0.06507457,283,-0.710104185,2369,1.2959750506627552,5872,-0.486819104,818,-2.558641615,4625,-0.555476
09/03/2024,5582,-0.397975604,313,-0.984782204,994,1.2355478364976553,2932,-0.331997779,670,-2.60047659,3321,-0.739787759
10/03/2024,6051,-0.04903243,170,-0.088866654,931,1.2012626921708298,3199,-0.59568088,460,-2.732126095,3248,-0.562418476
11/03/2024,9671,-0.230208931,364,-0.403608979,2342,1.2397134911596339,6155,-0.604456408,902,-2.595429077,4965,-0.208753226
12/03/2024,10743,-0.74528642,348,-0.402865458,2544,1.0097164461978747,7061,-0.602157571,1500,-3.160357871,5504,-1.098685784
13/03/2024,11231,-1.033549222,389,-0.193826969,2627,1.248228381278057,7283,-0.466444957,1166,-3.154645755,6166,-1.145962319
14/03/2024,10908,-0.552627872,424,-0.582399931,2911,1.2613528538167993,7024,-0.503863846,1212,-2.490766267,5522,-0.730037726
15/03/2024,9784,-0.381078323,393,-0.815908974,2693,0.90429837236521127,6454,-0.465290386,1355,-2.982790966,5118,-0.939047074
16/03/2024,6624,-1.606605698,141,-0.772389346,1078,0.848150376,3560,-0.770045543,924,-3.296436997,3579,-1.807447275
17/03/2024,5975,-1.663005622,120,0.001956691,1285,0.60323332,2986,-0.765111958,779,-3.982949354,3750,-1.934480289
18/03/2024,10438,-0.585813604,299,0.40723945484693608,2380,1.1952437368026256,6064,-0.543700125,1516,-2.493248871,5450,-0.720103442
19/03/2024,10210,-0.511635833,400,-2.492506421,3006,0.65979016822646375,7205,-0.615411622,1398,-2.250596874,5251,-0.917378289
20/03/2024,10605,-0.50043594,502,0.15780049705689342,2862,1.0628396980455668,7714,-0.363205356,1412,-2.707118893,5105,-0.788060747
21/03/2024,10298,-0.379162479,1608,0.5160150558028338,3009,1.1051155279275942,8272,-0.239027605,1304,-2.596093572,5356,-0.774264122
22/03/2024,10494,-0.968172062,736,-0.56307964,2239,1.2465318731485506,7392,-0.686199379,1650,-3.774814619,5540,-1.994784877
23/03/2024,5481,-1.168503495,230,0.22804674655242146,1079,1.2083911595304857,3499,-0.460333423,543,-3.22414198,3383,-2.806162198
24/03/2024,5320,-0.805675595,277,0.045954515599148427,1155,0.88292544349711233,3426,-1.142262356,406,-2.960661572,3117,-1.558810297
25/03/2024,9341,-0.727619209,670,0.31020654266133446,2688,1.1270934177731482,6124,-0.007498542,961,-3.252034404,5005,-1.035068633
26/03/2024,10646,-0.470929934,514,0.24179011573924938,2624,1.1377339471740202,6538,0.020409129081094098,1138,-3.294971575,5516,-0.999410562
27/03/2024,10593,-0.53100054,346,0.10962085665417515,2600,1.1723941705338565,7495,-0.511232601,1183,-3.076178172,5142,-0.874709726
28/03/2024,10073,-0.380138253,393,-0.295066257,2877,1.249401371733905,7120,-0.314360932,1403,-3.212841573,5123,-0.661686085
29/03/2024,8619,-0.286501477,338,-0.055106948,1932,1.4552062551812242,5553,-0.435346712,1307,-3.249757163,4249,-0.866593146
30/03/2024,5396,-0.658155734,245,-1.50815757,1268,0.15811828303028685,3459,-0.873680366,616,-3.087430259,2965,-1.032502548
31/03/2024,4405,-0.44653943,122,-0.423737526,749,0.11902483835428068,2796,-1.230886557,362,-2.807541036,2497,-1.19230111
01/04/2024,7941,-0.29433867,307,-0.4070406,1937,0.84622871944319111,4908,-0.850031833,746,-3.130480962,3940,-0.866914275
02/04/2024,11375,-0.991368752,241,0.16918603848850275,2583,1.1651137973981103,6506,-0.306830617,1347,-2.726179356,5377,-0.593784207
03/04/2024,10515,-0.731620408,230,-0.245336086,2275,1.2180889493546603,6232,-0.398926843,1225,-2.718313833,5239,-1.161736157
04/04/2024,9663,-0.512208234,315,-0.552264188,2575,0.66782775820292128,6034,-0.219228505,1325,-2.965860421,4825,-1.22482378
05/04/2024,10391,-0.958530195,312,0.29660376249532505,2294,0.73762382931737835,5448,-0.621192082,1201,-2.836847214,5030,-1.573073082
06/04/2024,5313,-0.821241878,212,0.41152658777255835,1275,0.15797462742586263,3595,-1.482928337,484,-2.655302314,3016,-1.570642061
07/04/2024,5044,-0.427975757,292,-2.298033848,974,0.5025477016539811,3489,-1.16055788,556,-2.358325588,3160,-1.18681339
08/04/2024,9631,-0.699698664,694,-2.166409466,2345,0.72386526009092378,5940,-0.513679732,1160,-2.341448565,5317,-1.123722509
09/04/2024,10755,-0.779611799,492,-1.016401156,2625,0.81789571083188373,8762,-0.838976688,1372,-2.682181464,5431,-0.765119527
10/04/2024,10040,-0.689105828,282,-0.647088636,2524,1.1790743903280214,6084,-0.538685377,1554,-3.549670742,4842,-0.855295537
11/04/2024,10102,-0.899215383,401,-0.642214913,2799,1.0553753740813936,6599,-0.507953543,1172,-2.685263173,5579,-1.094431766
12/04/2024,10482,-0.901788431,566,-0.368776702,2776,0.80776066153174231,6534,-0.477811277,1325,-2.854778156,5433,-1.079811576
13/04/2024,6410,-1.095737969,219,-0.877629599,897,0.79516953398167556,3314,-0.497301502,777,-3.345217811,3479,-1.367588631
14/04/2024,6167,-1.040341767,298,-1.422271877,1001,0.59007727808754429,2418,-0.865604124,641,-3.326410223,4725,-2.353023761
15/04/2024,11779,-1.427544127,430,-1.176749846,2455,0.90340172638368732,6200,-0.962643105,1785,-3.839554532,6449,-1.646956992
16/04/2024,11975,-0.984239144,443,-2.386480477,2698,1.1041462311011503,6646,-0.385392425,1905,-3.449586116,5917,-1.306000645
17/04/2024,12240,-0.771677685,292,-1.36535162,2976,1.0212848114448076,7999,-0.991336675,2286,-3.041045097,5654,-1.129592212
18/04/2024,11523,-0.998367866,313,-1.195742419,3086,1.2896026227464947,8827,-0.797515856,2322,-3.117773689,5379,-0.955385144
19/04/2024,11953,-1.281306089,924,-3.354248053,2551,1.3340165205313783,6693,-0.586429965,1888,-3.231984279,6188,-1.674879419
20/04/2024,6545,-1.15090607,199,-0.857273832,1137,0.92819597958872357,4048,-1.347537417,1557,-1.860237471,3538,-1.2937449
21/04/2024,5595,-0.465592039,196,-1.219165717,1276,0.4883088875490374,3443,-0.652871709,964,-2.126915499,3396,-1.127963201
22/04/2024,10994,-0.455728908,296,-0.009886656,3335,0.77444504339465092,9829,-0.672964435,1730,-2.60479082,5664,-0.610948577
23/04/2024,10466,-0.243230627,244,-0.298032629,3019,1.4357926678550403,8516,-0.686951578,1811,-2.688707657,5223,-0.517209073
24/04/2024,10308,-0.36111294,241,-0.283447665,2703,1.2540914764870466,7594,-0.646598677,2340,-2.203423169,5543,-0.778142472
25/04/2024,10003,-0.287316202,383,-1.58257558,2885,1.1299207693503588,7231,-0.811326691,1485,-2.588126327,5628,-0.778698098
26/04/2024,9469,-0.191640885,462,-2.577669854,2815,1.2485822327418523,6963,-0.682693785,1220,-2.552813781,5114,-1.000268923
27/04/2024,7068,-0.574192167,130,-1.473060419,1221,1.0326190575677934,3839,-0.798772368,805,-2.5298767,3420,-1.106340317
28/04/2024,5541,-0.637338979,191,-1.456666602,1374,0.89115876886579648,4118,-1.077248257,601,-2.703228219,2886,-0.692152062
29/04/2024,9101,-0.208151378,323,-0.384121078,2412,1.1547911006574128,6956,-0.663504574,1063,-2.836009421,4469,-0.748041098
30/04/2024,10096,-0.134882942,431,-0.135718917,2662,1.1003670372390415,7187,-0.405318682,1189,-3.115895341,5227,-0.458005786
01/05/2024,8361,-0.705254377,316,-0.559336725,1803,1.1598918850959627,5366,-0.448489654,1213,-2.989828546,3944,-0.998556687
02/05/2024,10019,-0.394041378,257,-0.236000564,2428,1.1620850209260836,6475,-0.808921027,1894,-3.279688855,4753,-1.190254516
03/05/2024,8880,-0.661333763,202,-0.39126953,2286,0.76666204166897711,6039,-0.852352746,1503,-3.514261975,4325,-0.988005461
04/05/2024,5250,-0.535233713,101,-0.597672957,918,0.6716283264174302,3835,-1.29164141,783,-3.499356475,3110,-0.957694904
05/05/2024,4411,-0.241221314,190,-0.324104278,852,0.89268383211419589,3678,-1.330949858,698,-3.627557776,3105,-1.303066712
06/05/2024,8102,-0.519552862,357,0.677173868,2101,1.2508972612569718,5848,-0.581498536,1130,-2.861703416,4623,-0.522031178
07/05/2024,9871,-0.015466476,395,0.33582232887135544,2168,1.3650740074186039,6206,-0.186124885,1314,-3.20500892,4952,-0.73890292
08/05/2024,10365,-0.325625042,371,0.051299534481454571,2995,1.1814802905820816,7347,-0.731282054,1322,-2.650310411,5146,-0.874338515
09/05/2024,9481,-0.316064045,507,0.88700173032940088,2747,1.324207225268599,6127,-0.790719554,1235,-2.621249609,6010,-1.307270677
10/05/2024,9001,-0.610657563,364,1.2045947734261058,2422,1.2489424529432469,5955,-0.82490262,977,-2.490518508,5073,-0.890858574
11/05/2024,5396,-0.704130454,198,-0.623775144,1179,0.87501767058602886,4157,-1.920153944,544,-1.998559953,3175,-1.057230848
12/05/2024,4770,-0.565505353,151,-0.170201174,988,0.383707014,2950,-1.230704604,495,-2.640745552,2934,-0.887704011
13/05/2024,8803,-0.312110631,253,0.11833982103016102,2152,1.0195260759818576,6679,-0.721716061,1251,-2.131249724,4738,-0.844822492
14/05/2024,10619,-0.374482201,527,-0.354675949,3031,1.1877089601071564,7269,-0.522995575,1431,-2.41415755,5597,-0.891544093
15/05/2024,10884,-0.692691544,409,-0.239680026,3031,1.129483023845631,7221,-0.767366341,1622,-2.691352087,5236,-0.988532527
16/05/2024,10584,-0.259132534,514,0.41746693563663673,2736,0.98131204226842628,6714,-0.569000142,2144,-2.208438373,5329,-0.724537868
17/05/2024,9223,-0.752744444,290,-0.372707548,2439,1.2296990810068997,6125,-0.762794211,1814,-2.496230494,5419,-1.201049614
18/05/2024,5378,-0.538534308,146,-0.815284391,958,1.1096991421135307,3709,-1.390638942,810,-2.362609233,3241,-1.192469337
19/05/2024,5257,-1.011094506,151,-0.714923668,952,1.113686434175466,3226,-1.26924516,1002,-2.787076768,3080,-1.548609194
20/05/2024,8440,-0.493247822,185,-0.702363606,2327,1.1312304186067581,5770,-0.393499226,2091,-3.897900308,4903,-0.869706301
21/05/2024,9653,-0.448325451,402,0.39170432598714755,2796,1.0836490108069088,7451,-1.044078984,1711,-3.564485836,5072,-1.080401129
22/05/2024,9163,-0.498570816,504,-0.447151899,2756,1.345925303638722,8688,-1.441068272,1519,-3.018919027,5213,-1.199995576
23/05/2024,8854,-0.493209904,383,-0.347905,3099,0.95806754270866268,7971,-1.134823799,1208,-2.629440522,5303,-0.818163224
24/05/2024,9599,-0.32124636,351,0.42478605691302074,2451,1.1126854042255272,6637,-0.933264757,1332,-3.150303945,4942,-0.826803358
25/05/2024,4956,-0.33500516,193,0.18457429177780471,1256,0.950883403,3782,-0.954025636,650,-2.527975922,3081,-0.654894233
26/05/2024,4207,-0.357736288,321,-0.538060966,1079,0.72423638646249022,4456,-2.790340838,490,-2.541752361,2916,-0.871044362
27/05/2024,8589,-0.025253042,329,0.11295948967576028,2337,1.3814764439192577,6724,-1.54856467,1505,-2.900955252,4351,-0.837591683
28/05/2024,9497,-0.080842037,591,-0.262307122,2749,1.360028829345113,7529,-1.001193368,1378,-2.515451163,5309,-0.712998543
29/05/2024,10806,-0.310966682,419,0.274843063,2866,1.209522345498363,7631,-0.439999116,1261,-2.758893038,5164,-0.544479975
30/05/2024,10245,-0.108668927,331,0.47305360672116259,2972,1.3420093884334274,6710,-0.318191163,1053,-2.939676601,5235,-0.347464829
31/05/2024,10123,-0.435400352,292,0.39918920284957865,3368,1.0803838141745989,7120,-0.723238675,1220,-2.861349144,5056,-0.452534248
01/06/2024,5624,-0.427588182,108,0.29182511619633011,1411,1.3685665910037585,4261,-0.993760301,657,-3.133596153,3027,-0.796625462
02/06/2024,5703,-0.190613435,152,0.62889676366955394,1021,0.745693661,3370,-1.09251407,541,-2.160220108,2877,-0.995456003
03/06/2024,9950,-0.293215059,338,-0.216697073,2834,0.88755101650772694,7932,-0.885296348,1083,-2.691731514,5242,-1.030854883
04/06/2024,10465,-0.277094408,423,-0.57795762,3222,1.281294817123843,7907,-0.573328995,934,-2.446156106,5098,-0.805353491
05/06/2024,10767,-0.218189026,433,-0.498246852,3631,1.3299399030421448,10709,-0.292165148,1211,-2.173500825,5275,-0.55636501
06/06/2024,10499,-0.444187501,345,-0.177200606,3166,1.1126532676504926,8669,-0.523104819,1481,-2.574328371,5736,-0.824416485
07/06/2024,9333,-0.06214514,314,-0.456454116,2803,1.445237882038575,7518,-0.134444424,1293,-2.174252784,4809,-0.443789058
08/06/2024,5927,-0.058222637,303,-0.494920626,1217,1.1220525729852229,4146,-0.501927435,637,-1.948122798,2945,-0.672185515
09/06/2024,4678,-0.442343761,207,-1.593749781,1133,0.94129002091078706,3670,-0.793742172,498,-2.313323972,2476,-0.682243735
10/06/2024,7905,-0.474420323,293,0.37799286617907707,2281,1.1479333955102984,6393,-0.491238066,885,-2.128931035,3878,-0.626285238
11/06/2024,9775,-0.130804889,484,0.39134323812020916,2764,1.4347792477314296,6852,-0.531953515,917,-2.151853071,4474,-0.443600137
12/06/2024,10596,-0.353441142,373,0.28745778705691222,2908,1.0479901380891339,7326,-0.628151779,1863,-2.46144557,4768,-0.705735688
13/06/2024,10748,-0.654631526,310,0.062892276010987472,2957,1.1284421673090845,8845,-0.748009156,3006,-2.471121447,5017,-0.752724066
14/06/2024,9193,-0.59450794,300,0.23932508178490058,2452,1.1134819117430539,7359,-0.704188873,2187,-2.579361713,4476,-0.529730154
15/06/2024,5022,-0.752978278,173,-0.25335419,1266,1.0659365788934256,4296,-0.88740519,1156,-2.655490534,3108,-0.456684666
16/06/2024,4550,-0.387346093,486,0.30881913692003743,869,0.34185183114068429,3460,-1.295004606,767,-2.407720943,3128,-0.463202613
17/06/2024,8603,-0.607118812,505,0.18661525362311665,2287,0.54682569864183073,6148,-0.6879006,1522,-2.523559836,4643,-0.783141233
18/06/2024,9210,-0.567185694,377,-0.110919804,2538,0.77695757004813026,6915,-0.548465787,2128,-2.309971254,4460,-0.804935974
19/06/2024,10358,-0.874199837,927,-0.174400966,3496,0.587251689,7911,-1.142821823,2349,-1.171290141,5012,-0.619686531
20/06/2024,12880,-0.916262038,869,-0.361748459,3123,1.0860183111965456,8501,-1.07540593,2671,-2.156336239,5265,-0.821498904
21/06/2024,9432,-0.813606546,389,-0.514571069,2703,0.94959860931999684,7409,-1.203418431,1794,-2.77509715,4754,-0.774019535
22/06/2024,5279,-0.987323934,382,-0.517030259,1272,0.87819278111028054,4314,-1.676547588,624,-2.484557143,3250,-1.26780228
23/06/2024,4425,-0.537280016,479,-1.719990385,1291,0.46125451536788625,3880,-1.582664718,590,-2.604425474,2933,-0.979458984
24/06/2024,8870,-0.803163504,361,-0.993041398,2521,1.1872639735692194,5993,-0.819686266,2008,-3.22565563,5026,-1.113037805
25/06/2024,9223,-0.664353551,457,-0.778715606,2931,1.1015591531743794,6913,-0.640855636,1610,-3.201321117,4796,-0.833341313
26/06/2024,9049,-0.417446223,415,-0.179503065,2664,1.349028559,7220,-0.398477873,1367,-3.020937378,5300,-0.597831159
27/06/2024,9174,-0.733444414,460,1.0112789922327585,2767,1.3226741538375908,7602,-0.809863263,1227,-2.731439799,5010,-0.865711692
28/06/2024,9078,-0.227507276,264,-0.025268501,2389,1.4114239435083424,7875,-0.912596291,1147,-2.538540086,4627,-0.574402712
29/06/2024,4903,-0.350737203,169,-0.057200312,1389,1.3321944516921231,4039,-0.92463909,730,-2.611140913,3089,-0.952660392
30/06/2024,4483,-0.62741262,125,-0.280909252,1069,1.2237763308312342,3683,-1.547902865,483,-2.433496593,2522,-0.705582874
01/07/2024,8089,-0.096073128,280,0.37720895591241604,2549,1.2926233008282988,6325,-0.804490513,996,-2.165251246,4070,-0.579684361
02/07/2024,9443,-0.130027908,307,-0.234303901,2938,0.64853331964217487,7746,-1.305246101,1271,-2.188005003,4183,-0.491561552
03/07/2024,9475,-0.292862677,513,0.32767131684836015,2661,1.3520512631757517,7318,-1.11636399,1129,-2.143316948,4390,-0.571488456
04/07/2024,8609,-0.181798363,350,-0.329395173,2353,1.4746278830240485,6805,-0.729359687,1310,-2.03151922,4362,-0.599231272
05/07/2024,8338,-0.356468053,325,0.12302804302110562,2203,1.0556569436253964,5879,-0.992079096,1221,-2.508956546,4244,-0.557874557
06/07/2024,4678,-0.944917367,342,0.073897017044283642,1256,1.1502307966831928,3543,-1.131360422,743,-2.072260629,2809,-0.621250538
07/07/2024,4851,0.017064730585675508,197,-1.954103913,792,1.2382126914356328,3310,-1.348204752,581,-2.249751685,2381,-0.795098675
08/07/2024,8621,-0.671966597,240,-0.295214307,2167,1.1001128119391537,6835,-0.90088133,1314,-1.754045929,4158,-0.635102619
09/07/2024,9671,-0.767922669,359,0.95960523272189224,2446,1.4694561460978148,7597,-0.714481055,1364,-2.228347191,4697,-1.069363326
10/07/2024,9119,-0.319928307,555,-0.462096158,2676,1.1484631222144503,7464,-0.765042147,1192,-2.299742913,4815,-0.652462462
11/07/2024,9018,-0.173933042,488,0.52095289840483339,2712,0.9944683917530589,7371,-0.740661401,1155,-2.66656064,4642,-0.458049568
12/07/2024,8596,-0.349059565,391,-0.095782996,2248,1.1303146857715991,6599,-0.53601905,975,-2.456646214,4321,-0.761225998
13/07/2024,4839,-0.510012708,167,0.2423623786889651,1287,1.0342574071034278,3709,-1.032407338,565,-2.364379378,2770,-1.087928447
14/07/2024,4075,0.006264703,112,-0.349853992,1121,1.2657811665347272,2640,-0.805184915,306,-2.750481684,2660,-0.995057989
15/07/2024,8307,-0.242778202,243,0.28233855828589466,2490,0.73128720061434194,5663,-0.336562787,711,-2.729034265,4862,-0.919070301
16/07/2024,8882,-0.384727223,302,0.000220098,2484,0.96899818605261334,6632,-0.668394106,988,-2.765486412,4870,-1.096417262
17/07/2024,8968,-0.147093057,411,-0.582162371,3069,1.2233040005064082,6726,-0.759765986,1134,-2.518595787,4933,-1.069288479
18/07/2024,9003,-0.409982879,274,-0.418101736,2787,1.2687172130387829,6933,-0.114406454,988,-2.713635843,5041,-0.811747155
19/07/2024,8882,-0.756309928,204,-0.352363307,2151,1.041359615927314,5906,-0.556338589,1076,-2.808788861,4213,-0.526434614
20/07/2024,5812,-1.730496822,104,0.12235539810897525,845,0.95391379249865171,3173,-1.215852081,673,-3.131545791,2423,-1.117292361
21/07/2024,6220,-1.27443298,172,0.45127660095613964,1163,0.71803789334325374,3849,-0.515245766,622,-3.539210951,2886,-1.254803843
22/07/2024,9281,-0.845885654,295,0.57593393848752472,2368,1.1838290870127892,6421,-0.226623691,1317,-2.797529617,4213,-0.463878873
23/07/2024,9320,-0.524099322,580,-0.212373627,2598,1.2154664127989951,6832,-0.4587735,1101,-2.57200552,4773,-0.921195878
24/07/2024,9342,-0.603145085,331,0.60167942201065694,2655,1.5080060226578524,7349,-0.568504164,1181,-2.537205335,4574,-0.762049783
25/07/2024,11454,-1.435058418,340,0.4978893730248366,2508,1.3745254593227438,7902,-1.112974258,1075,-2.94984603,4359,-0.825328947
26/07/2024,9571,-0.904892436,205,0.20921143801921216,2322,1.1013169978913782,6375,-1.347228102,1326,-2.508452276,4293,-1.023820287
27/07/2024,5450,-0.933047633,128,0.18213720877256429,1191,1.1013410202048601,4329,-1.687231402,747,-2.338853461,3332,-1.421313624
28/07/2024,5276,-1.010938995,159,-0.633337034,859,0.721543565,3689,-1.356948833,736,-2.287225914,3115,-1.04848442
29/07/2024,10005,-0.892154216,153,0.14329916425933581,2097,1.2500440674584312,6319,-0.714790198,1511,-2.484088694,4949,-0.769748228
30/07/2024,10110,-0.610841674,204,0.14377917346641167,2584,1.2868142566503524,6806,-1.387303504,1318,-2.920468651,5160,-1.052473493
31/07/2024,10544,-0.716055253,279,0.015369743885229936,2431,1.3686409988291082,6022,-0.820242464,915,-2.930658837,4888,-0.771893505
01/08/2024,10391,-0.685267162,306,0.36244570316899882,2229,1.2371669295434331,6033,-0.935211121,1270,-3.619734302,5234,-1.148804538
02/08/2024,9273,-0.900151039,156,0.13885768924760974,1887,1.1493018844240841,5342,-0.92848347,973,-3.060258727,4277,-1.182064583
03/08/2024,5305,-0.632865412,85,-0.237400791,813,1.0502466193026174,2987,-1.697162339,624,-2.677329633,2917,-1.279295344
04/08/2024,4961,-1.005644309,99,-0.27284453,743,0.65547716698168679,2862,-1.472648048,452,-3.404670376,3116,-2.250082121
05/08/2024,9981,-1.327874818,170,-0.691106913,1676,1.287605329832231,4764,-1.4916382,1018,-3.494036007,5404,-2.140296581
06/08/2024,9395,-0.950489691,159,-0.248837393,2056,1.4758056923489922,5981,-1.269896116,836,-2.932669108,4947,-1.227759881
07/08/2024,8856,-0.681414806,217,-0.922535492,1994,1.346466332124187,5857,-0.754410859,700,-3.177977769,5135,-1.113299999
08/08/2024,9458,-0.695113878,192,-0.6765342,2150,1.0969839001530304,6039,-0.809344472,773,-2.890766714,5024,-1.08792213
09/08/2024,8803,-0.853456626,229,-0.799842778,1730,1.1783020997636551,4748,-0.538087866,962,-3.335407989,4871,-1.344261756
10/08/2024,4665,-0.776311962,224,-2.808135216,1095,0.85628370072122884,2936,-1.220907941,458,-3.312655141,3613,-1.777654727
11/08/2024,4668,-0.538718696,191,-2.306481757,800,0.74695952555935452,3032,-0.931772604,446,-2.452046944,3011,-1.473746254
12/08/2024,8479,-0.764976964,693,-3.202586286,2209,1.0353141130217223,5847,-1.13126499,747,-2.847860809,4828,-1.408674956
13/08/2024,8936,-0.565486207,397,-1.711134015,2212,1.2874153502418111,7324,-1.272037456,792,-3.248653594,4961,-1.401199451
14/08/2024,9099,-0.569601566,308,-1.181973551,2692,1.3313093268791709,6447,-1.043510592,808,-3.262699475,5019,-1.373869057
15/08/2024,8673,-0.545964732,301,-0.205383918,2065,1.2903877870507572,5531,-0.441086915,656,-2.995140653,5054,-1.129785598
16/08/2024,8281,-0.418944636,232,-1.032359869,1991,0.78213926054027916,5240,-0.770312687,697,-3.407409823,4681,-0.872624961
17/08/2024,5039,-0.244816401,198,-3.017381499,995,1.1037874621178192,3371,-0.480171661,372,-2.595665999,2943,-1.425174035
18/08/2024,5118,-0.906066814,284,-3.48571214,982,0.80360773167730026,3079,-1.311112407,410,-2.081388569,3130,-1.382846854
19/08/2024,7905,-0.735357363,250,-1.293773113,1911,0.92544076264993791,5241,-0.953840513,762,-2.445269258,4426,-0.851549982
20/08/2024,8500,-0.495463322,313,-0.228692342,2258,1.2832523116769812,5729,-0.901236137,701,-2.407710329,4464,-0.697593561
21/08/2024,9140,-0.976890552,282,-0.323493509,2394,1.1332431359110542,5672,-0.574497249,934,-2.680904358,4744,-1.186142315
22/08/2024,9149,-0.972487938,373,-1.349016354,2503,1.3298968971028489,5995,-0.911829978,898,-2.649604671,4797,-1.153678805
23/08/2024,8561,-0.854996071,373,-1.633081979,1964,1.1266103950839625,5416,-0.692537517,1263,-2.519233961,4725,-1.159949269
24/08/2024,4818,-0.924532643,139,-1.973216106,1020,0.24573043986464116,3339,-1.328857573,713,-2.422179097,2841,-1.035053932
25/08/2024,4422,-0.812150051,238,-0.696262429,959,1.2922429255213976,2876,-1.06323883,519,-3.36663713,3679,-2.346150697
26/08/2024,8643,-0.863581658,241,-0.934153953,1803,1.1828315394769857,4813,-1.016092341,838,-2.963601006,4921,-1.497323431
27/08/2024,9012,-0.56813596,340,-1.446287051,2483,1.1607986152742278,6488,-0.990674595,824,-2.627088147,5000,-1.293782872
28/08/2024,9992,-0.86431498,506,-1.310225338,2608,1.1208715503073996,6168,-0.700092144,913,-3.140647117,4872,-0.931969736
29/08/2024,9835,-0.614896037,515,-0.497828958,2879,1.4298106409125375,6710,-0.780643495,1109,-2.569026282,4884,-0.745809038
30/08/2024,10194,-0.437259241,326,0.29506786,2393,0.917648959,6848,-1.027212344,908,-2.0008149,5367,-0.983638348
31/08/2024,5183,-0.531670966,262,-1.807204796,1123,1.2620822028541434,3400,-1.274708406,429,-2.095888632,3040,-0.662517606
01/09/2024,5160,-0.744409074,177,-0.748004084,1114,0.80030546051550955,3218,-1.014018388,374,-1.508418306,3029,-1.359833633
02/09/2024,8720,-0.879960926,278,-0.823536914,2062,1.2320253437996902,5230,-0.421389667,943,-3.004307849,4257,-0.865671126
03/09/2024,9717,-1.006104382,394,-0.956874038,2644,1.3621017166107967,6189,-0.38747735,934,-2.438062697,5193,-0.987183515
04/09/2024,9425,-0.703111766,475,0.35314301061537212,2975,1.4860074341512308,5989,-0.71719753,1551,-2.933946858,5032,-0.552326008
05/09/2024,9327,-0.521241513,562,0.18123728360065733,2924,1.5322615405713815,6585,-0.532524162,1846,-2.51816798,4911,-0.611131414
06/09/2024,9032,-0.578329588,268,-0.52858894,2253,1.5227135858266272,7004,-0.77354972,1264,-2.50204558,4348,-0.754118607
07/09/2024,5292,-0.322118932,404,-1.351847407,1086,0.92885432480952157,4043,-0.867453793,632,-2.82901274,3213,-0.974088564
08/09/2024,4626,-0.488803575,171,-0.073780052,1051,1.525378550906429,3550,-0.96114193,623,-3.002214295,2930,-0.896143511
09/09/2024,8897,-0.609521278,421,0.40187675580532006,2651,1.3266793560385557,6390,-0.682863485,979,-2.582851281,4479,-0.970487036
10/09/2024,10166,-0.629989937,390,-0.116780879,2972,1.0471213383221873,6705,-0.901374216,1659,-2.837189617,4998,-1.08595259
11/09/2024,11365,-0.790208892,374,-0.213970318,2890,0.92624333141329762,7004,-1.293912538,1918,-3.18525172,5598,-1.292001727
12/09/2024,10352,-0.634426253,332,-0.195591277,2620,1.0666151858852084,7119,-0.922384322,1184,-2.758964408,5501,-0.981254606
13/09/2024,9595,-0.189257098,342,-0.350681222,2590,1.1866490002207826,6922,-0.874003109,1450,-2.985184676,4746,-0.898709951
14/09/2024,5516,-0.071850693,315,0.53814520190365334,1184,1.0497986453358052,4065,-1.264401983,874,-2.719314551,3312,-1.023445284
15/09/2024,4640,-0.425047919,123,-0.584005675,991,0.75518784710759856,3843,-2.046229447,760,-3.446169439,2911,-1.035186438
16/09/2024,8258,-0.237700572,308,-0.178963753,2549,1.1222658125132714,6496,-0.994740439,995,-2.973534416,4380,-0.850579637
17/09/2024,9308,-1.545278474,360,-0.404085199,2543,1.415918505839318,7387,-0.972343194,1091,-3.254440007,4303,-1.094982331
18/09/2024,9660,-1.063558909,373,0.14338170420178209,2665,1.4464699937450507,6993,-1.023107595,904,-2.726194365,6014,-1.576621001
19/09/2024,8652,-0.530016616,377,-0.819987862,2838,1.0565031792761848,6819,-0.752062065,1209,-3.13268976,5517,-1.049807732
20/09/2024,8877,-0.254816854,929,-0.14938793,2368,1.4479131029456564,6932,-0.629668707,1000,-2.351466064,4780,-1.088070924
21/09/2024,4811,-0.434991793,547,-1.132900271,1335,1.5692107720806014,4420,-0.559730999,741,-3.068053774,3762,-1.721791693
22/09/2024,4561,-0.018273643,385,-1.390717847,1331,1.3032242496033903,4230,-0.950558226,379,-2.611997771,3125,-1.404500842
23/09/2024,8400,-0.480212332,540,0.075149277391173011,2424,1.3663725689886794,7601,-0.63702039,763,-2.75734459,4659,-0.941659354
24/09/2024,9334,-0.29968709,465,-0.026776809,3298,1.4163828333504336,8661,-0.865533859,1139,-2.560853627,5275,-0.618016738
25/09/2024,9292,-0.269845896,504,-0.523003548,3076,1.1214156845226373,8130,-0.82436068,1006,-2.5053412,5562,-0.872041522
26/09/2024,9985,-0.422784075,424,-0.223666471,3080,1.3659134781159115,8027,-0.662472014,1338,-2.121520825,5382,-0.943476469
27/09/2024,8872,-0.465446047,500,0.11886213248083211,2643,1.4150030197509511,7106,-1.108819518,943,-2.859028048,4862,-0.728735656
28/09/2024,5063,-0.669576565,160,-0.218973407,988,1.315530277203844,4266,-1.866325954,590,-3.158992368,3233,-1.09306846
29/09/2024,5137,-0.825677433,158,-0.656472567,1324,1.18828888,4611,-1.88949504,821,-1.598481446,3565,-1.041040493
30/09/2024,9743,-0.558051055,600,0.28362313884513479,2633,1.2446806792738467,7316,-1.318214308,1205,-2.009046521,5290,-0.646672136
01/10/2024,10975,-0.815752314,406,-0.722933445,2982,1.0247914178803021,7567,-1.010154446,858,-2.825646434,5170,-1.030365367
02/10/2024,12470,-1.565588322,389,-0.775222452,2972,0.753580004,7791,-1.394024774,1207,-3.437115023,5884,-1.818954578
03/10/2024,11493,-1.498382868,384,-0.756850808,2638,1.2007909140330619,6188,-0.66260057,984,-3.346290676,4945,-1.245394916
04/10/2024,12051,-1.480770183,380,-0.767433763,2324,1.2100435955118503,6115,-0.716076698,1058,-3.273440728,5259,-1.332450724
05/10/2024,6576,-1.615580122,195,-1.296314531,1143,1.2013817943885721,3709,-1.723309929,538,-3.195428385,3090,-1.579810106
06/10/2024,5531,-1.377089623,183,-1.341171119,1042,1.0113369948360991,3032,-1.201452216,543,-2.973120497,3286,-1.703127611
07/10/2024,10577,-1.300417942,369,0.073721629235323757,2098,1.4379186463388316,5652,-1.143464815,916,-2.890231257,5130,-1.520469271
08/10/2024,10623,-1.031125878,424,0.14048129287950611,2489,1.2580090527276715,7786,-1.534687019,1162,-2.872490062,4972,-0.759176688
09/10/2024,10427,-1.075283621,430,-0.170172055,2803,1.1104710104127973,7751,-1.793380563,996,-2.733404852,5011,-0.891591644
10/10/2024,9246,-0.816335044,357,-0.249488823,2656,1.3021738555419526,7864,-1.599273576,1056,-2.574783562,4841,-0.914740606
11/10/2024,10242,-1.12408742,282,-0.50217433,2514,1.2860045427359659,6822,-0.905702859,999,-2.616962999,4943,-1.042754834
12/10/2024,5729,-1.195180418,187,-0.954453035,1063,0.89667386056075948,3546,-1.205880594,641,-3.206721141,3175,-1.104963307
13/10/2024,4613,-0.730357478,120,-0.582183846,970,1.580186074515362,2955,-1.190907993,504,-3.282891398,2928,-1.152089706
14/10/2024,8889,-0.483033394,338,-0.124238034,2529,1.4255980093113576,5373,-0.596080992,1272,-3.514896439,4657,-1.146199618
15/10/2024,11337,-0.948803316,894,1.3610584049153791,2856,1.3072744868345318,6664,-0.358439727,1078,-3.56606914,5020,-0.857795972
16/10/2024,11018,-1.062810653,808,0.88558945629176511,2841,1.2656217307777948,6605,-0.385134961,1206,-2.753228968,4877,-0.994938499
17/10/2024,9479,-0.497003753,518,0.47755688280124448,3171,1.2561735307315367,6778,-0.533959441,1239,-2.904844481,5133,-1.064737135
18/10/2024,8272,-0.335528732,529,0.18560267432283836,2807,1.2439898510109475,5737,-0.397276406,1194,-2.626595327,4804,-0.837824578
19/10/2024,5433,-0.807019547,179,-0.333072348,1203,1.0266896847055142,3019,-0.305303693,782,-3.754781773,2979,-1.072930827
20/10/2024,4759,-0.66242636,252,-0.892571995,1250,0.56532308440528967,3108,-0.791503617,929,-2.929557872,3192,-0.780132827
21/10/2024,8537,-0.403742786,347,-0.229813988,2233,1.3482325704090161,5900,-0.289871121,1327,-2.620797314,4997,-0.651831476
22/10/2024,10502,-0.627037049,384,-0.361464298,2763,1.1076501830827108,6175,-0.162381343,1867,-2.036125967,5639,-1.124266619
23/10/2024,9205,-0.593099177,329,0.16342796867538917,2739,0.97745884206700551,7093,-0.304321354,1662,-1.908493864,5151,-1.026606316
24/10/2024,9437,-0.541689734,388,0.54161646557378629,3110,1.011689911808743,7735,-0.371937813,1651,-1.922398797,5531,-0.375268368
25/10/2024,8732,-0.507119799,423,-0.174268771,2758,1.3279641942280636,7001,-0.516135017,1513,-2.351588862,4838,-0.613957382
26/10/2024,7574,-2.519471604,131,-0.81332629,1085,0.94722227489905741,3314,-0.466222829,719,-2.202270648,3122,-1.524294312
27/10/2024,5229,-1.206571398,180,-1.125689236,1092,1.468745429557071,2964,-0.536641974,810,-2.284038233,3272,-0.90224475
28/10/2024,10046,-0.904485325,317,-0.847517957,2478,1.5161153510873144,6312,-0.349964266,1446,-2.625118583,4793,-0.778241594
29/10/2024,10345,-0.318356209,555,-0.132830632,3466,1.1533230947599757,6672,-0.421080709,1269,-2.728285369,5170,-0.560712455
30/10/2024,10431,-0.07091456,337,-0.926736945,3009,1.4892987427551705,8783,-1.459794482,1226,-2.664930802,5298,-0.475374456
31/10/2024,9930,-0.256504564,223,0.21504811875953947,3007,1.3980901796229541,8543,-1.775877556,1487,-2.865806665,4815,-0.518598764
01/11/2024,8991,-0.364622351,275,0.38235640169481816,2115,1.3664736949344323,6899,-1.342036242,1250,-2.879738425,4405,-0.678725112
02/11/2024,5051,-0.508145369,166,-1.055451516,1100,0.77073047625052016,4396,-1.667246123,641,-2.498189292,2937,-0.895774687
03/11/2024,4825,-0.207140567,116,-0.996447948,1291,1.1895068578622094,3886,-1.603792021,743,-3.227137434,2716,-0.787477042
04/11/2024,8921,-0.448146071,559,-0.605371058,2699,1.064230751943585,6489,-0.673838106,984,-2.184034446,4768,-0.557445893
05/11/2024,9781,-0.295416583,407,-0.242846938,2664,1.2553575985559584,7336,-0.685905609,941,-2.510824475,5100,-0.742076097
06/11/2024,11424,-0.138740817,545,1.0713492651366678,3656,1.0036750521585736,8715,-0.387513107,1041,-1.800742105,5926,-0.291276686
07/11/2024,10697,-0.376457324,333,0.067153293586565938,3136,0.8410887927433125,9976,-0.601952928,1649,-2.122073283,5232,-0.555304854
08/11/2024,9647,-0.194287207,304,-0.363801628,2683,0.91780050910043343,7068,-0.583163169,1329,-2.426043827,4585,-0.410473818
09/11/2024,5711,-0.52350531,133,-0.600739324,1457,0.71534199034070833,4330,-0.591790566,735,-2.483391746,3272,-0.745035706
10/11/2024,4757,-0.295480634,134,-0.580248954,1348,0.75957600008625459,4271,-0.834956317,532,-2.181338482,3090,-0.725597163
11/11/2024,9212,-0.338583769,398,0.5039394706311191,3147,1.1249341900488687,9793,-0.543727324,826,-2.342590464,5081,-0.489265537
12/11/2024,10721,-0.433932525,502,0.009574085,4008,1.3450162999415753,10979,-0.397354768,1165,-2.187579827,5634,-0.420086035
13/11/2024,10351,-0.286101159,636,-0.228528325,4105,0.94680532670462214,10853,-0.421603994,1023,-2.233909429,5439,-0.307891168
14/11/2024,10514,-0.203693998,592,-0.852190087,3598,1.2030543387026817,9470,-0.25753629,1193,-2.633208728,5548,-0.794672771
15/11/2024,10517,-0.305069694,462,-0.254229695,3471,1.3770573605600223,8098,-0.202706205,1319,-2.991270589,5391,-0.417107712
16/11/2024,6309,-0.5220177,297,0.010623422641270907,1849,1.1370099565943717,6176,-0.778605744,922,-2.588312733,3610,-0.492604884
17/11/2024,6226,0.10424345892171025,408,-0.835707978,1501,0.60733770455406344,6333,-1.013074778,568,-2.18404727,3615,-0.481243391
18/11/2024,9896,-0.402897898,438,-0.835468508,3141,1.3082466999334208,9593,-0.584783702,1444,-3.152485699,5180,-0.785846178
19/11/2024,9397,-0.294737553,443,0.51500927552553655,3716,1.5521615574455248,10144,-0.25782269,1353,-2.916598506,6483,-1.394456762
20/11/2024,9157,-0.432435742,391,-0.194519582,3760,1.4213652891790267,9543,-0.354181187,904,-2.939787084,6157,-1.282440916
21/11/2024,9717,-0.214525026,309,0.16961095452319608,4319,0.011800090055631055,9368,0.044909422668485154,1188,-3.196542999,5815,-0.738480701
22/11/2024,9804,-0.429785924,427,0.036793953689415182,3378,0.62553944128502748,7394,-0.203050843,1602,-2.611109268,5318,-0.791134584
23/11/2024,5681,-0.120992847,167,-0.218869221,1515,0.511603421,4832,-0.930300128,729,-3.258548143,3379,-1.104902188
24/11/2024,5655,-0.737908383,185,-0.579184265,1448,0.41252567071650015,5960,-0.767939865,618,-2.654150485,3088,-0.931202823
25/11/2024,9521,-0.507467351,251,-0.749811366,2826,0.809942328,6968,-0.470272777,1189,-3.2124746,5053,-0.861785562
26/11/2024,10046,-0.47091629,314,-0.38490583,2708,0.85576508629895187,6308,-0.133909984,1381,-3.203821131,5287,-1.040544244
27/11/2024,10058,-0.376623569,418,0.043703876,3078,0.93176203796370549,6752,-0.305931137,1274,-2.720508056,5344,-0.708319491
28/11/2024,9177,-0.370789566,406,-0.896205032,2846,0.98270376346767441,5940,-0.330970994,1400,-2.874593566,4506,-0.800345302
29/11/2024,9217,-0.564914781,474,-0.918254183,2636,1.1304263282524338,5790,-0.45165162,1552,-2.806731119,4598,-0.683990293
30/11/2024,5604,-0.586033112,205,-0.880114103,1264,0.35860951998300483,3467,-0.829008373,784,-2.544783091,3231,-1.169985812
01/12/2024,5108,-0.384626246,160,0.10459522616045856,1244,0.80710529023264532,3436,-0.914955413,938,-2.756343685,2864,-0.921357046
02/12/2024,8563,-0.234307691,229,-0.070980046,2281,1.5234422141991253,6156,-0.675811125,1439,-3.193392211,4643,-0.542565283
03/12/2024,9042,-0.335350235,335,-0.081761291,2608,1.4108425712778134,6503,-0.214336388,1337,-2.979554893,5104,-0.68050541
04/12/2024,9522,-0.201396556,479,0.2542197032279076,2825,1.5684764111843623,5620,-0.01886356,1581,-2.932695948,5017,-0.891008145
05/12/2024,9033,-0.332528252,445,0.36617246086152427,2720,1.2439366114113919,5947,-0.100538544,1618,-3.0393884,4716,-0.583461373
06/12/2024,8297,-0.292079473,311,-0.025246598,2420,1.5063219320440779,5862,-0.12402435,1427,-2.679051434,4820,-0.797752737
07/12/2024,4805,-0.659211325,179,-0.29192145,1043,1.4263591201249521,2900,-0.524134372,708,-3.036918507,3135,-1.027672301
08/12/2024,4177,-0.595106732,118,-0.038499549,907,1.0074626703705116,2419,-0.408433946,650,-3.611836501,4087,-2.151585424
09/12/2024,8690,-0.51829315,550,-1.416462249,2393,1.4860853998709564,5809,-0.547746692,1008,-3.326546913,5989,-0.996287779
10/12/2024,9260,-0.591240752,339,-0.396855627,2828,1.2953013427895737,6318,-0.341313335,1302,-3.432081881,5437,-1.447947902
11/12/2024,9639,-0.476603339,306,-0.360663994,2752,1.4265259732323494,7092,-0.437390158,1649,-2.819462881,5667,-1.158182002
12/12/2024,9349,-0.384254966,478,-0.163847549,2748,1.2235161291098531,6022,-0.014001923,1313,-2.363239509,5284,-0.873835079
13/12/2024,9290,-0.513798088,681,-1.007512935,2587,0.97094139857786488,5906,-0.186376411,1568,-3.061588866,5329,-1.140164905
14/12/2024,5844,-1.110568519,321,-1.841486368,1289,1.3384148275946026,3071,-0.436916547,990,-2.989926836,2959,-0.914750664
15/12/2024,6022,-1.40927118,214,-1.072743228,963,1.3438028003648643,2921,-1.185862507,718,-2.606041381,2884,-1.014152659
16/12/2024,10126,-0.970530858,381,-1.062322077,2469,1.4258879174893651,5605,-0.684637933,2203,-3.473671313,4930,-0.610000871
17/12/2024,9986,-0.758950259,396,-0.184271518,2686,1.3728447978550695,6436,-0.657049187,2622,-4.292210736,5230,-0.891070908
18/12/2024,9137,-0.53996975,497,-0.001659483,3227,1.0847519545737569,6205,-0.2993403,1909,-3.605911678,5012,-0.642250911
19/12/2024,10439,-1.112742866,359,-0.02167526,2850,1.3657066830283204,5800,-0.055782965,1719,-2.693744516,5119,-0.841549759
20/12/2024,9448,-0.929312119,426,-0.693672028,2338,1.5174714554297142,4803,-0.052658688,1381,-2.941344779,4726,-0.971408703
21/12/2024,4727,-0.387238766,537,-0.536291427,939,1.3076758835657194,2615,-0.532535639,530,-2.860553388,2802,-0.892894347
22/12/2024,5190,-1.059420925,148,0.067704913,982,0.97741584342378207,2525,-0.848317238,677,-3.322108852,2936,-1.105857142
23/12/2024,8388,-0.772165104,275,-0.52943103,1925,1.525529429339205,4519,-0.432952552,1107,-2.812127342,4343,-0.967061309
24/12/2024,7631,-0.637037363,181,-1.01044025,1421,1.5884914605045248,3759,-0.632447186,929,-2.7922651,3668,-0.710187486
25/12/2024,5479,-0.567654756,164,-0.300043081,1025,1.648758739,2654,-1.09073662,753,-2.638376211,3049,-0.769218187
26/12/2024,7832,-1.11984972,241,-0.290563866,1298,1.678230864818526,3492,-0.767296084,1271,-3.441545066,3955,-1.205950561
27/12/2024,8691,-1.249719257,228,0.30653963125375605,1421,1.2164161000945122,4443,-1.359930619,1443,-3.649540893,4141,-1.189611843
28/12/2024,6325,-0.866932707,162,-0.267321948,914,1.0125544411655256,2562,-1.222844182,914,-3.667721915,2733,-1.08371603
29/12/2024,4989,-0.573899171,180,-0.253743455,859,0.88248190740735277,2298,-1.119003913,1090,-3.279283844,2473,-1.02152991
30/12/2024,9587,-0.519612711,351,-0.128142182,1729,1.2657104575481801,5056,-0.7771193,1585,-2.826419766,4188,-0.79237138
31/12/2024,8509,-0.589882197,250,0.19685198258171233,1684,0.99002305986215811,4892,-0.863382876,1116,-2.792190255,4574,-0.37313075
